codigo_producto,candidate_id,costo_flete_usd,fuente,sku_semilla,caja_grosor_mm,L_int,W_int,H_int,caja_exterior_largo,caja_exterior_ancho,caja_exterior_alto,cajas_L,cajas_W,cajas_H,capacidad_pallet,carga_maxima_kg,capacidad_pallet_validada,costo_flete_usd_validado
BR0001,t3_0_c00012,4833450.000000000000,optima_individual,BR0007,3.000000000000,393.879450675377,293.913580311683,293.899489682015,399.879450675377,299.913580311683,299.899489682015,2,4,6,48,142.669321938660,48,4833450
BR0002,t3_0_c03929,435150.000000000000,par_factible,BR0130|BR0136,3.000000000000,393.828921779431,293.877356999302,265.931420790883,399.828921779431,299.877356999302,271.931420790883,2,4,6,48,142.651635453959,48,435150
BR0003,t3_0_c01906,323550.000000000000,par_factible,BR0036|BR0286,3.000000000000,393.789976507924,292.399264052730,172.172392210324,399.789976507924,298.399264052730,178.172392210324,2,4,10,80,142.342351416669,80,323550
BR0004,t3_0_c00962,727950.000000000000,par_factible,BR0014|BR0026,3.000000000000,393.709108395608,293.774039414591,232.891854981838,399.709108395608,299.774039414591,238.891854981838,2,4,7,56,142.606144940952,56,727950
BR0005,t3_0_c00215,20400.000000000000,optima_individual,BR0238,3.000000000000,393.693335084587,293.762924302295,251.100144978147,399.693335084587,299.762924302295,257.100144978147,2,4,7,56,142.600663101390,56,20400
BR0006,t3_0_c04025,21600.000000000000,par_factible,BR0134|BR0399,3.000000000000,393.403325358649,293.531366951489,284.889912118574,399.403325358649,299.531366951489,290.889912118574,2,4,6,48,142.494329345727,48,21600
BR0007,t3_0_c00012,146400.000000000000,optima_individual,BR0007,3.000000000000,393.879450675377,293.913580311683,293.899489682015,399.879450675377,299.913580311683,299.899489682015,2,4,6,48,142.669321938660,48,146400
BR0008,t3_0_c00182,30600.000000000000,optima_individual,BR0188,3.000000000000,393.456657286200,293.559680438227,193.726211629175,399.456657286200,299.559680438227,199.726211629175,2,4,9,72,142.510974689962,72,30600
BR0009,t3_0_c01885,34350.000000000000,par_factible,BR0036|BR0146,3.000000000000,393.555692758424,293.708720516100,173.217411522359,399.555692758424,299.708720516100,179.217411522359,2,4,10,80,142.561550744522,80,34350
BR0010,t3_0_c00017,41550.000000000000,optima_individual,BR0010,3.000000000000,392.705408975371,292.983218032755,157.357544839731,398.705408975371,298.983218032755,163.357544839731,2,4,11,88,142.240289531344,88,41550
BR0011,t3_0_c04025,42000.000000000000,par_factible,BR0134|BR0399,3.000000000000,393.403325358649,293.531366951489,284.889912118574,399.403325358649,299.531366951489,290.889912118574,2,4,6,48,142.494329345727,48,42000
BR0012,t3_0_c03763,660750.000000000000,par_factible,BR0120|BR0184,3.000000000000,393.846318385460,293.882265270826,206.352365791362,399.846318385460,299.882265270826,212.352365791362,2,4,8,64,142.656182829562,64,660750
BR0013,t3_0_c00962,410550.000000000000,par_factible,BR0014|BR0026,3.000000000000,393.709108395608,293.774039414591,232.891854981838,399.709108395608,299.774039414591,238.891854981838,2,4,7,56,142.606144940952,56,410550
BR0014,t3_0_c04534,150900.000000000000,par_factible,BR0151|BR0371,3.000000000000,393.288142989791,293.489681815439,243.106387964785,399.288142989791,299.489681815439,249.106387964785,2,4,7,56,142.462348203354,56,150900
BR0015,t3_0_c04534,82800.000000000000,par_factible,BR0151|BR0371,3.000000000000,393.288142989791,293.489681815439,243.106387964785,399.288142989791,299.489681815439,249.106387964785,2,4,7,56,142.462348203354,56,82800
BR0016,t3_0_c04534,81750.000000000000,par_factible,BR0151|BR0371,3.000000000000,393.288142989791,293.489681815439,243.106387964785,399.288142989791,299.489681815439,249.106387964785,2,4,7,56,142.462348203354,56,81750
BR0017,t3_0_c00962,353100.000000000000,par_factible,BR0014|BR0026,3.000000000000,393.709108395608,293.774039414591,232.891854981838,399.709108395608,299.774039414591,238.891854981838,2,4,7,56,142.606144940952,56,353100
BR0018,t3_0_c00012,567450.000000000000,optima_individual,BR0007,3.000000000000,393.879450675377,293.913580311683,293.899489682015,399.879450675377,299.913580311683,299.899489682015,2,4,6,48,142.669321938660,48,567450
BR0019,t3_0_c01389,3900.000000000000,par_factible,BR0024|BR0272,3.000000000000,393.926643810439,271.254614848935,249.936472350173,399.926643810439,277.254614848935,255.936472350173,2,4,7,56,138.059378594814,56,3900
BR0020,t3_0_c01179,191250.000000000000,par_factible,BR0020|BR0336,3.000000000000,392.579922309114,270.660762454932,193.633529189483,398.579922309114,276.660762454932,199.633529189483,2,4,9,72,137.663746815829,72,191250
BR0021,t3_0_c03114,75450.000000000000,par_factible,BR0097|BR0302,3.000000000000,393.794114158750,233.950962354025,209.483884683226,399.794114158750,239.950962354025,215.483884683226,2,5,8,80,130.427129507711,80,75450
BR0022,t3_0_c02065,34650.000000000000,par_factible,BR0048|BR0173,3.000000000000,393.379355375369,267.942798014790,218.900112316767,399.379355375369,273.942798014790,224.900112316767,2,4,8,64,137.272608924962,64,34650
BR0023,t3_0_c01912,25950.000000000000,par_factible,BR0036|BR0324,3.000000000000,392.816671857971,263.672587953179,173.323471288646,398.816671857971,269.672587953179,179.323471288646,2,4,10,80,136.287309530328,80,25950
BR0024,t3_0_c02927,8100.000000000000,par_factible,BR0089|BR0153,3.000000000000,393.707692424025,263.789457249705,246.609612684429,399.707692424025,269.789457249705,252.609612684429,2,4,7,56,136.492791661317,56,8100
BR0025,t3_0_c01885,262350.000000000000,par_factible,BR0036|BR0146,3.000000000000,393.555692758424,293.708720516100,173.217411522359,399.555692758424,299.708720516100,179.217411522359,2,4,10,80,142.561550744522,80,262350
BR0026,t3_0_c03328,256200.000000000000,par_factible,BR0103|BR0281,3.000000000000,393.464172072871,293.587905218947,213.748735251768,399.464172072871,299.587905218947,219.748735251768,2,4,8,64,142.518261044097,64,256200
BR0027,t3_0_c01885,154350.000000000000,par_factible,BR0036|BR0146,3.000000000000,393.555692758424,293.708720516100,173.217411522359,399.555692758424,299.708720516100,179.217411522359,2,4,10,80,142.561550744522,80,154350
BR0028,t3_0_c03328,7350.000000000000,par_factible,BR0103|BR0281,3.000000000000,393.464172072871,293.587905218947,213.748735251768,399.464172072871,299.587905218947,219.748735251768,2,4,8,64,142.518261044097,64,7350
BR0029,t3_0_c01885,162450.000000000000,par_factible,BR0036|BR0146,3.000000000000,393.555692758424,293.708720516100,173.217411522359,399.555692758424,299.708720516100,179.217411522359,2,4,10,80,142.561550744522,80,162450
BR0030,t3_0_c01885,54750.000000000000,par_factible,BR0036|BR0146,3.000000000000,393.555692758424,293.708720516100,173.217411522359,399.555692758424,299.708720516100,179.217411522359,2,4,10,80,142.561550744522,80,54750
BR0031,t3_0_c01885,26250.000000000000,par_factible,BR0036|BR0146,3.000000000000,393.555692758424,293.708720516100,173.217411522359,399.555692758424,299.708720516100,179.217411522359,2,4,10,80,142.561550744522,80,26250
BR0032,t3_0_c00017,24300.000000000000,optima_individual,BR0010,3.000000000000,392.705408975371,292.983218032755,157.357544839731,398.705408975371,298.983218032755,163.357544839731,2,4,11,88,142.240289531344,88,24300
BR0033,t3_0_c00182,135450.000000000000,optima_individual,BR0188,3.000000000000,393.456657286200,293.559680438227,193.726211629175,399.456657286200,299.559680438227,199.726211629175,2,4,9,72,142.510974689962,72,135450
BR0034,t3_0_c01331,1217400.000000000000,par_factible,BR0023|BR0265,3.000000000000,393.259674904599,233.837820648833,190.052733420557,399.259674904599,239.837820648833,196.052733420557,2,5,9,90,130.295104848615,90,1217400
BR0035,t3_0_c00244,37200.000000000000,optima_individual,BR0283,3.000000000000,393.987041795387,293.989934108923,218.995748919131,399.987041795387,299.989934108923,224.995748919131,2,4,8,64,142.706823450467,64,37200
BR0036,t3_0_c00017,47250.000000000000,optima_individual,BR0010,3.000000000000,392.705408975371,292.983218032755,157.357544839731,398.705408975371,298.983218032755,163.357544839731,2,4,11,88,142.240289531344,88,47250
BR0037,t3_0_c02927,177300.000000000000,par_factible,BR0089|BR0153,3.000000000000,393.707692424025,263.789457249705,246.609612684429,399.707692424025,269.789457249705,252.609612684429,2,4,7,56,136.492791661317,56,177300
BR0038,t3_0_c05529,84600.000000000000,par_factible,BR0281|BR0329,3.000000000000,393.463918085494,263.730513018633,237.947756656019,399.463918085494,269.730513018633,243.947756656019,2,4,7,56,136.431075337856,56,84600
BR0039,t3_0_c05529,63150.000000000000,par_factible,BR0281|BR0329,3.000000000000,393.463918085494,263.730513018633,237.947756656019,399.463918085494,269.730513018633,243.947756656019,2,4,7,56,136.431075337856,56,63150
BR0040,t3_0_c05529,34200.000000000000,par_factible,BR0281|BR0329,3.000000000000,393.463918085494,263.730513018633,237.947756656019,399.463918085494,269.730513018633,243.947756656019,2,4,7,56,136.431075337856,56,34200
BR0041,t3_0_c05529,116400.000000000000,par_factible,BR0281|BR0329,3.000000000000,393.463918085494,263.730513018633,237.947756656019,399.463918085494,269.730513018633,243.947756656019,2,4,7,56,136.431075337856,56,116400
BR0042,t3_0_c01179,66300.000000000000,par_factible,BR0020|BR0336,3.000000000000,392.579922309114,270.660762454932,193.633529189483,398.579922309114,276.660762454932,199.633529189483,2,4,9,72,137.663746815829,72,66300
BR0043,t3_0_c00050,16200.000000000000,optima_individual,BR0043,3.000000000000,390.088347872810,233.458388343332,151.416841079885,396.088347872810,239.458388343332,157.416841079885,2,5,11,110,129.571198772818,110,16200
BR0044,t3_0_c00050,3150.000000000000,optima_individual,BR0043,3.000000000000,390.088347872810,233.458388343332,151.416841079885,396.088347872810,239.458388343332,157.416841079885,2,5,11,110,129.571198772818,110,3150
BR0045,t3_0_c00052,13800.000000000000,optima_individual,BR0045,3.000000000000,387.138873425588,187.891399902552,142.617418992871,393.138873425588,193.891399902552,148.617418992871,2,6,12,144,119.679973002617,144,13800
BR0046,t3_0_c00050,11850.000000000000,optima_individual,BR0043,3.000000000000,390.088347872810,233.458388343332,151.416841079885,396.088347872810,239.458388343332,157.416841079885,2,5,11,110,129.571198772818,110,11850
BR0047,t3_0_c00050,3000.000000000000,optima_individual,BR0043,3.000000000000,390.088347872810,233.458388343332,151.416841079885,396.088347872810,239.458388343332,157.416841079885,2,5,11,110,129.571198772818,110,3000
BR0048,t3_0_c02065,900.000000000000,par_factible,BR0048|BR0173,3.000000000000,393.379355375369,267.942798014790,218.900112316767,399.379355375369,273.942798014790,224.900112316767,2,4,8,64,137.272608924962,64,900
BR0049,t3_0_c02139,10950.000000000000,par_factible,BR0049|BR0339,3.000000000000,390.736060465176,233.523320860284,258.159669960407,396.736060465176,239.523320860284,264.159669960407,2,5,6,60,129.716488294162,60,10950
BR0050,t3_0_c02148,19950.000000000000,par_factible,BR0050|BR0087,3.000000000000,393.091067535497,233.867256980065,227.079561543540,399.091067535497,239.867256980065,233.079561543540,2,5,7,70,130.266731548619,70,19950
BR0051,t3_0_c02065,900.000000000000,par_factible,BR0048|BR0173,3.000000000000,393.379355375369,267.942798014790,218.900112316767,399.379355375369,273.942798014790,224.900112316767,2,4,8,64,137.272608924962,64,900
BR0052,t3_0_c02055,147600.000000000000,par_factible,BR0048|BR0132,3.000000000000,393.644347892194,233.933489959603,244.374334885580,399.644347892194,239.933489959603,250.374334885580,2,5,7,70,130.393033960452,70,147600
BR0053,t3_0_c02148,5100.000000000000,par_factible,BR0050|BR0087,3.000000000000,393.091067535497,233.867256980065,227.079561543540,399.091067535497,239.867256980065,233.079561543540,2,5,7,70,130.266731548619,70,5100
BR0054,t3_0_c02139,106800.000000000000,par_factible,BR0049|BR0339,3.000000000000,390.736060465176,233.523320860284,258.159669960407,396.736060465176,239.523320860284,264.159669960407,2,5,6,60,129.716488294162,60,106800
BR0055,t3_0_c02055,159450.000000000000,par_factible,BR0048|BR0132,3.000000000000,393.644347892194,233.933489959603,244.374334885580,399.644347892194,239.933489959603,250.374334885580,2,5,7,70,130.393033960452,70,159450
BR0056,t3_0_c02055,33000.000000000000,par_factible,BR0048|BR0132,3.000000000000,393.644347892194,233.933489959603,244.374334885580,399.644347892194,239.933489959603,250.374334885580,2,5,7,70,130.393033960452,70,33000
BR0057,t3_0_c02230,50400.000000000000,par_factible,BR0051|BR0245,3.000000000000,393.555282378015,232.973500554299,238.125950324208,399.555282378015,238.973500554299,244.125950324208,2,5,7,70,130.179159361269,70,50400
BR0058,t3_0_c00052,8100.000000000000,optima_individual,BR0045,3.000000000000,387.138873425588,187.891399902552,142.617418992871,393.138873425588,193.891399902552,148.617418992871,2,6,12,144,119.679973002617,144,8100
BR0059,t3_0_c02139,10800.000000000000,par_factible,BR0049|BR0339,3.000000000000,390.736060465176,233.523320860284,258.159669960407,396.736060465176,239.523320860284,264.159669960407,2,5,6,60,129.716488294162,60,10800
BR0060,t3_0_c02230,62100.000000000000,par_factible,BR0051|BR0245,3.000000000000,393.555282378015,232.973500554299,238.125950324208,399.555282378015,238.973500554299,244.125950324208,2,5,7,70,130.179159361269,70,62100
BR0061,t3_0_c02230,9750.000000000000,par_factible,BR0051|BR0245,3.000000000000,393.555282378015,232.973500554299,238.125950324208,399.555282378015,238.973500554299,244.125950324208,2,5,7,70,130.179159361269,70,9750
BR0062,t3_0_c02230,13050.000000000000,par_factible,BR0051|BR0245,3.000000000000,393.555282378015,232.973500554299,238.125950324208,399.555282378015,238.973500554299,244.125950324208,2,5,7,70,130.179159361269,70,13050
BR0063,t3_0_c02230,24900.000000000000,par_factible,BR0051|BR0245,3.000000000000,393.555282378015,232.973500554299,238.125950324208,399.555282378015,238.973500554299,244.125950324208,2,5,7,70,130.179159361269,70,24900
BR0064,t3_0_c02139,37200.000000000000,par_factible,BR0049|BR0339,3.000000000000,390.736060465176,233.523320860284,258.159669960407,396.736060465176,239.523320860284,264.159669960407,2,5,6,60,129.716488294162,60,37200
BR0065,t3_0_c01885,180600.000000000000,par_factible,BR0036|BR0146,3.000000000000,393.555692758424,293.708720516100,173.217411522359,399.555692758424,299.708720516100,179.217411522359,2,4,10,80,142.561550744522,80,180600
BR0066,t3_0_c00017,100800.000000000000,optima_individual,BR0010,3.000000000000,392.705408975371,292.983218032755,157.357544839731,398.705408975371,298.983218032755,163.357544839731,2,4,11,88,142.240289531344,88,100800
BR0067,t3_0_c02927,46200.000000000000,par_factible,BR0089|BR0153,3.000000000000,393.707692424025,263.789457249705,246.609612684429,399.707692424025,269.789457249705,252.609612684429,2,4,7,56,136.492791661317,56,46200
BR0068,t3_0_c03328,94200.000000000000,par_factible,BR0103|BR0281,3.000000000000,393.464172072871,293.587905218947,213.748735251768,399.464172072871,299.587905218947,219.748735251768,2,4,8,64,142.518261044097,64,94200
BR0069,t3_0_c02065,118350.000000000000,par_factible,BR0048|BR0173,3.000000000000,393.379355375369,267.942798014790,218.900112316767,399.379355375369,273.942798014790,224.900112316767,2,4,8,64,137.272608924962,64,118350
BR0070,t3_0_c01179,71850.000000000000,par_factible,BR0020|BR0336,3.000000000000,392.579922309114,270.660762454932,193.633529189483,398.579922309114,276.660762454932,199.633529189483,2,4,9,72,137.663746815829,72,71850
BR0071,t3_0_c02065,91200.000000000000,par_factible,BR0048|BR0173,3.000000000000,393.379355375369,267.942798014790,218.900112316767,399.379355375369,273.942798014790,224.900112316767,2,4,8,64,137.272608924962,64,91200
BR0072,t3_0_c02065,98100.000000000000,par_factible,BR0048|BR0173,3.000000000000,393.379355375369,267.942798014790,218.900112316767,399.379355375369,273.942798014790,224.900112316767,2,4,8,64,137.272608924962,64,98100
BR0073,t3_0_c01906,54150.000000000000,par_factible,BR0036|BR0286,3.000000000000,393.789976507924,292.399264052730,172.172392210324,399.789976507924,298.399264052730,178.172392210324,2,4,10,80,142.342351416669,80,54150
BR0074,t3_0_c00215,71250.000000000000,optima_individual,BR0238,3.000000000000,393.693335084587,293.762924302295,251.100144978147,399.693335084587,299.762924302295,257.100144978147,2,4,7,56,142.600663101390,56,71250
BR0075,t3_0_c03929,67200.000000000000,par_factible,BR0130|BR0136,3.000000000000,393.828921779431,293.877356999302,265.931420790883,399.828921779431,299.877356999302,271.931420790883,2,4,6,48,142.651635453959,48,67200
BR0076,t3_0_c01912,65250.000000000000,par_factible,BR0036|BR0324,3.000000000000,392.816671857971,263.672587953179,173.323471288646,398.816671857971,269.672587953179,179.323471288646,2,4,10,80,136.287309530328,80,65250
BR0077,t3_0_c05690,2362950.000000000000,par_factible,BR0305|BR0323,3.000000000000,393.397607007077,293.568154721256,249.904557806744,399.397607007077,299.568154721256,255.904557806744,2,4,7,56,142.500663579750,56,2362950
BR0078,t3_0_c03929,3606150.000000000000,par_factible,BR0130|BR0136,3.000000000000,393.828921779431,293.877356999302,265.931420790883,399.828921779431,299.877356999302,271.931420790883,2,4,6,48,142.651635453959,48,3606150
BR0079,t3_0_c01389,93150.000000000000,par_factible,BR0024|BR0272,3.000000000000,393.926643810439,271.254614848935,249.936472350173,399.926643810439,277.254614848935,255.936472350173,2,4,7,56,138.059378594814,56,93150
BR0080,t3_0_c02731,78450.000000000000,par_factible,BR0080|BR0363,3.000000000000,391.509154021161,270.418918157633,284.666922283448,397.509154021161,276.418918157633,290.666922283448,2,4,6,48,137.396139767485,48,78450
BR0081,t3_0_c02740,12900.000000000000,par_factible,BR0081|BR0115,3.000000000000,393.877441753675,271.234396359934,292.438073667139,399.877441753675,277.234396359934,298.438073667139,2,4,6,48,138.045225578489,48,12900
BR0082,t3_0_c04025,123000.000000000000,par_factible,BR0134|BR0399,3.000000000000,393.403325358649,293.531366951489,284.889912118574,399.403325358649,299.531366951489,290.889912118574,2,4,6,48,142.494329345727,48,123000
BR0083,t3_0_c03929,220800.000000000000,par_factible,BR0130|BR0136,3.000000000000,393.828921779431,293.877356999302,265.931420790883,399.828921779431,299.877356999302,271.931420790883,2,4,6,48,142.651635453959,48,220800
BR0084,t3_0_c01389,65550.000000000000,par_factible,BR0024|BR0272,3.000000000000,393.926643810439,271.254614848935,249.936472350173,399.926643810439,277.254614848935,255.936472350173,2,4,7,56,138.059378594814,56,65550
BR0085,t3_0_c02731,54000.000000000000,par_factible,BR0080|BR0363,3.000000000000,391.509154021161,270.418918157633,284.666922283448,397.509154021161,276.418918157633,290.666922283448,2,4,6,48,137.396139767485,48,54000
BR0086,t3_0_c02230,70050.000000000000,par_factible,BR0051|BR0245,3.000000000000,393.555282378015,232.973500554299,238.125950324208,399.555282378015,238.973500554299,244.125950324208,2,5,7,70,130.179159361269,70,70050
BR0087,t3_0_c02148,34350.000000000000,par_factible,BR0050|BR0087,3.000000000000,393.091067535497,233.867256980065,227.079561543540,399.091067535497,239.867256980065,233.079561543540,2,5,7,70,130.266731548619,70,34350
BR0088,t3_0_c02927,28650.000000000000,par_factible,BR0089|BR0153,3.000000000000,393.707692424025,263.789457249705,246.609612684429,399.707692424025,269.789457249705,252.609612684429,2,4,7,56,136.492791661317,56,28650
BR0089,t3_0_c02048,71250.000000000000,par_factible,BR0048|BR0089,3.000000000000,391.471079795313,233.630666481262,248.209749977919,397.471079795313,239.630666481262,254.209749977919,2,5,7,70,129.888224266169,70,71250
BR0090,t3_0_c02148,114000.000000000000,par_factible,BR0050|BR0087,3.000000000000,393.091067535497,233.867256980065,227.079561543540,399.091067535497,239.867256980065,233.079561543540,2,5,7,70,130.266731548619,70,114000
BR0091,t3_0_c02984,65850.000000000000,par_factible,BR0091|BR0289,3.000000000000,392.728014516786,233.721351436929,216.275080893379,398.728014516786,239.721351436929,222.275080893379,2,5,8,80,130.162968336233,80,65850
BR0092,t3_0_c01389,2666250.000000000000,par_factible,BR0024|BR0272,3.000000000000,393.926643810439,271.254614848935,249.936472350173,399.926643810439,277.254614848935,255.936472350173,2,4,7,56,138.059378594814,56,2666250
BR0092XL,t3_0_c00962,2614800.000000000000,par_factible,BR0014|BR0026,3.000000000000,393.709108395608,293.774039414591,232.891854981838,399.709108395608,299.774039414591,238.891854981838,2,4,7,56,142.606144940952,56,2614800
BR0093,t3_0_c01389,3604500.000000000000,par_factible,BR0024|BR0272,3.000000000000,393.926643810439,271.254614848935,249.936472350173,399.926643810439,277.254614848935,255.936472350173,2,4,7,56,138.059378594814,56,3604500
BR0094,t3_0_c02065,6077400.000000000000,par_factible,BR0048|BR0173,3.000000000000,393.379355375369,267.942798014790,218.900112316767,399.379355375369,273.942798014790,224.900112316767,2,4,8,64,137.272608924962,64,6077400
BR0095,t3_0_c03395,1549050.000000000000,par_factible,BR0106|BR0125,3.000000000000,393.679803576818,271.143676591170,214.833582632121,399.679803576818,277.143676591170,220.833582632121,2,4,8,64,137.986437007085,64,1549050
BR0096,t3_0_c01179,886650.000000000000,par_factible,BR0020|BR0336,3.000000000000,392.579922309114,270.660762454932,193.633529189483,398.579922309114,276.660762454932,199.633529189483,2,4,9,72,137.663746815829,72,886650
BR0097,t3_0_c03114,258300.000000000000,par_factible,BR0097|BR0302,3.000000000000,393.794114158750,233.950962354025,209.483884683226,399.794114158750,239.950962354025,215.483884683226,2,5,8,80,130.427129507711,80,258300
BR0098,t3_0_c02065,803400.000000000000,par_factible,BR0048|BR0173,3.000000000000,393.379355375369,267.942798014790,218.900112316767,399.379355375369,273.942798014790,224.900112316767,2,4,8,64,137.272608924962,64,803400
BR0099,t3_0_c03114,120750.000000000000,par_factible,BR0097|BR0302,3.000000000000,393.794114158750,233.950962354025,209.483884683226,399.794114158750,239.950962354025,215.483884683226,2,5,8,80,130.427129507711,80,120750
BR0100,t3_0_c01885,147450.000000000000,par_factible,BR0036|BR0146,3.000000000000,393.555692758424,293.708720516100,173.217411522359,399.555692758424,299.708720516100,179.217411522359,2,4,10,80,142.561550744522,80,147450
BR0101,t3_0_c01885,42450.000000000000,par_factible,BR0036|BR0146,3.000000000000,393.555692758424,293.708720516100,173.217411522359,399.555692758424,299.708720516100,179.217411522359,2,4,10,80,142.561550744522,80,42450
BR0102,t3_0_c04434,55950.000000000000,par_factible,BR0149|BR0184,3.000000000000,393.817939885665,293.858578161277,185.063687650431,399.817939885665,299.858578161277,191.063687650431,2,4,9,72,142.645568026540,72,55950
BR0103,t3_0_c03328,145200.000000000000,par_factible,BR0103|BR0281,3.000000000000,393.464172072871,293.587905218947,213.748735251768,399.464172072871,299.587905218947,219.748735251768,2,4,8,64,142.518261044097,64,145200
BR0104,t3_0_c00182,306300.000000000000,optima_individual,BR0188,3.000000000000,393.456657286200,293.559680438227,193.726211629175,399.456657286200,299.559680438227,199.726211629175,2,4,9,72,142.510974689962,72,306300
BR0105,t3_0_c01885,1882950.000000000000,par_factible,BR0036|BR0146,3.000000000000,393.555692758424,293.708720516100,173.217411522359,399.555692758424,299.708720516100,179.217411522359,2,4,10,80,142.561550744522,80,1882950
BR0106,t3_0_c02065,29550.000000000000,par_factible,BR0048|BR0173,3.000000000000,393.379355375369,267.942798014790,218.900112316767,399.379355375369,273.942798014790,224.900112316767,2,4,8,64,137.272608924962,64,29550
BR0107,t3_0_c02927,218550.000000000000,par_factible,BR0089|BR0153,3.000000000000,393.707692424025,263.789457249705,246.609612684429,399.707692424025,269.789457249705,252.609612684429,2,4,7,56,136.492791661317,56,218550
BR0108,t3_0_c05813,42600.000000000000,par_factible,BR0345|BR0400,3.000000000000,393.891448512403,293.919553286123,311.631731930534,399.891448512403,299.919553286123,317.631731930534,2,4,5,40,142.672985712623,40,42600
BR0109,t3_0_c05813,67200.000000000000,par_factible,BR0345|BR0400,3.000000000000,393.891448512403,293.919553286123,311.631731930534,399.891448512403,299.919553286123,317.631731930534,2,4,5,40,142.672985712623,40,67200
BR0110,t3_0_c03395,295950.000000000000,par_factible,BR0106|BR0125,3.000000000000,393.679803576818,271.143676591170,214.833582632121,399.679803576818,277.143676591170,220.833582632121,2,4,8,64,137.986437007085,64,295950
BR0111,t3_0_c01179,446400.000000000000,par_factible,BR0020|BR0336,3.000000000000,392.579922309114,270.660762454932,193.633529189483,398.579922309114,276.660762454932,199.633529189483,2,4,9,72,137.663746815829,72,446400
BR0112,t3_0_c03395,54300.000000000000,par_factible,BR0106|BR0125,3.000000000000,393.679803576818,271.143676591170,214.833582632121,399.679803576818,277.143676591170,220.833582632121,2,4,8,64,137.986437007085,64,54300
BR0113,t3_0_c00012,24450.000000000000,optima_individual,BR0007,3.000000000000,393.879450675377,293.913580311683,293.899489682015,399.879450675377,299.913580311683,299.899489682015,2,4,6,48,142.669321938660,48,24450
BR0114,t3_0_c03929,28350.000000000000,par_factible,BR0130|BR0136,3.000000000000,393.828921779431,293.877356999302,265.931420790883,399.828921779431,299.877356999302,271.931420790883,2,4,6,48,142.651635453959,48,28350
BR0115,t3_0_c04025,161400.000000000000,par_factible,BR0134|BR0399,3.000000000000,393.403325358649,293.531366951489,284.889912118574,399.403325358649,299.531366951489,290.889912118574,2,4,6,48,142.494329345727,48,161400
BR0116,t3_0_c00017,11550.000000000000,optima_individual,BR0010,3.000000000000,392.705408975371,292.983218032755,157.357544839731,398.705408975371,298.983218032755,163.357544839731,2,4,11,88,142.240289531344,88,11550
BR0117,t3_0_c05690,77250.000000000000,par_factible,BR0305|BR0323,3.000000000000,393.397607007077,293.568154721256,249.904557806744,399.397607007077,299.568154721256,255.904557806744,2,4,7,56,142.500663579750,56,77250
BR0118,t3_0_c00962,44700.000000000000,par_factible,BR0014|BR0026,3.000000000000,393.709108395608,293.774039414591,232.891854981838,399.709108395608,299.774039414591,238.891854981838,2,4,7,56,142.606144940952,56,44700
BR0119,t3_0_c00182,74250.000000000000,optima_individual,BR0188,3.000000000000,393.456657286200,293.559680438227,193.726211629175,399.456657286200,299.559680438227,199.726211629175,2,4,9,72,142.510974689962,72,74250
BR0120,t3_0_c03328,1050.000000000000,par_factible,BR0103|BR0281,3.000000000000,393.464172072871,293.587905218947,213.748735251768,399.464172072871,299.587905218947,219.748735251768,2,4,8,64,142.518261044097,64,1050
BR0121,t3_0_c05177,46500.000000000000,par_factible,BR0212|BR0255,3.000000000000,392.717315350380,284.364648791201,353.218365142756,398.717315350380,290.364648791201,359.218365142756,2,4,5,40,140.485618220339,40,46500
BR0122,t3_0_c03807,65850.000000000000,par_factible,BR0122|BR0255,3.000000000000,391.120183611797,283.707138550864,370.895010978098,397.120183611797,289.707138550864,376.895010978098,2,4,4,32,140.025956251659,32,65850
BR0123,t3_0_c00012,28800.000000000000,optima_individual,BR0007,3.000000000000,393.879450675377,293.913580311683,293.899489682015,399.879450675377,299.913580311683,299.899489682015,2,4,6,48,142.669321938660,48,28800
BR0124,t3_0_c03807,57750.000000000000,par_factible,BR0122|BR0255,3.000000000000,391.120183611797,283.707138550864,370.895010978098,397.120183611797,289.707138550864,376.895010978098,2,4,4,32,140.025956251659,32,57750
BR0125,t3_0_c00182,34500.000000000000,optima_individual,BR0188,3.000000000000,393.456657286200,293.559680438227,193.726211629175,399.456657286200,299.559680438227,199.726211629175,2,4,9,72,142.510974689962,72,34500
BR0126,t3_0_c00215,157950.000000000000,optima_individual,BR0238,3.000000000000,393.693335084587,293.762924302295,251.100144978147,399.693335084587,299.762924302295,257.100144978147,2,4,7,56,142.600663101390,56,157950
BR0127,t3_0_c00182,140850.000000000000,optima_individual,BR0188,3.000000000000,393.456657286200,293.559680438227,193.726211629175,399.456657286200,299.559680438227,199.726211629175,2,4,9,72,142.510974689962,72,140850
BR0128,t3_0_c03395,13050.000000000000,par_factible,BR0106|BR0125,3.000000000000,393.679803576818,271.143676591170,214.833582632121,399.679803576818,277.143676591170,220.833582632121,2,4,8,64,137.986437007085,64,13050
BR0129,t3_0_c03395,6150.000000000000,par_factible,BR0106|BR0125,3.000000000000,393.679803576818,271.143676591170,214.833582632121,399.679803576818,277.143676591170,220.833582632121,2,4,8,64,137.986437007085,64,6150
BR0130,t3_0_c03929,362700.000000000000,par_factible,BR0130|BR0136,3.000000000000,393.828921779431,293.877356999302,265.931420790883,399.828921779431,299.877356999302,271.931420790883,2,4,6,48,142.651635453959,48,362700
BR0131,t3_0_c03929,156150.000000000000,par_factible,BR0130|BR0136,3.000000000000,393.828921779431,293.877356999302,265.931420790883,399.828921779431,299.877356999302,271.931420790883,2,4,6,48,142.651635453959,48,156150
BR0132,t3_0_c02055,94800.000000000000,par_factible,BR0048|BR0132,3.000000000000,393.644347892194,233.933489959603,244.374334885580,399.644347892194,239.933489959603,250.374334885580,2,5,7,70,130.393033960452,70,94800
BR0133,t3_0_c02055,37650.000000000000,par_factible,BR0048|BR0132,3.000000000000,393.644347892194,233.933489959603,244.374334885580,399.644347892194,239.933489959603,250.374334885580,2,5,7,70,130.393033960452,70,37650
BR0134,t3_0_c04025,2861400.000000000000,par_factible,BR0134|BR0399,3.000000000000,393.403325358649,293.531366951489,284.889912118574,399.403325358649,299.531366951489,290.889912118574,2,4,6,48,142.494329345727,48,2861400
BR0135,t3_0_c04025,145950.000000000000,par_factible,BR0134|BR0399,3.000000000000,393.403325358649,293.531366951489,284.889912118574,399.403325358649,299.531366951489,290.889912118574,2,4,6,48,142.494329345727,48,145950
BR0136,t3_0_c04025,550050.000000000000,par_factible,BR0134|BR0399,3.000000000000,393.403325358649,293.531366951489,284.889912118574,399.403325358649,299.531366951489,290.889912118574,2,4,6,48,142.494329345727,48,550050
BR0136XL,t3_0_c04025,589650.000000000000,par_factible,BR0134|BR0399,3.000000000000,393.403325358649,293.531366951489,284.889912118574,399.403325358649,299.531366951489,290.889912118574,2,4,6,48,142.494329345727,48,589650
BR0137,t3_0_c02740,1164900.000000000000,par_factible,BR0081|BR0115,3.000000000000,393.877441753675,271.234396359934,292.438073667139,399.877441753675,277.234396359934,298.438073667139,2,4,6,48,138.045225578489,48,1164900
BR0138,t3_0_c00050,2400.000000000000,optima_individual,BR0043,3.000000000000,390.088347872810,233.458388343332,151.416841079885,396.088347872810,239.458388343332,157.416841079885,2,5,11,110,129.571198772818,110,2400
BR0139,t3_0_c04025,224250.000000000000,par_factible,BR0134|BR0399,3.000000000000,393.403325358649,293.531366951489,284.889912118574,399.403325358649,299.531366951489,290.889912118574,2,4,6,48,142.494329345727,48,224250
BR0140,t3_0_c00215,44250.000000000000,optima_individual,BR0238,3.000000000000,393.693335084587,293.762924302295,251.100144978147,399.693335084587,299.762924302295,257.100144978147,2,4,7,56,142.600663101390,56,44250
BR0141,t3_0_c00215,154800.000000000000,optima_individual,BR0238,3.000000000000,393.693335084587,293.762924302295,251.100144978147,399.693335084587,299.762924302295,257.100144978147,2,4,7,56,142.600663101390,56,154800
BR0142,t3_0_c04122,111750.000000000000,par_factible,BR0137|BR0142,3.000000000000,392.984431148150,270.926903873598,329.725846264846,398.984431148150,276.926903873598,335.725846264846,2,4,5,40,137.800474695746,40,111750
BR0143,t3_0_c00215,751200.000000000000,optima_individual,BR0238,3.000000000000,393.693335084587,293.762924302295,251.100144978147,399.693335084587,299.762924302295,257.100144978147,2,4,7,56,142.600663101390,56,751200
BR0144,t3_0_c02065,340350.000000000000,par_factible,BR0048|BR0173,3.000000000000,393.379355375369,267.942798014790,218.900112316767,399.379355375369,273.942798014790,224.900112316767,2,4,8,64,137.272608924962,64,340350
BR0145,t3_0_c01885,154950.000000000000,par_factible,BR0036|BR0146,3.000000000000,393.555692758424,293.708720516100,173.217411522359,399.555692758424,299.708720516100,179.217411522359,2,4,10,80,142.561550744522,80,154950
BR0146,t3_0_c01885,137700.000000000000,par_factible,BR0036|BR0146,3.000000000000,393.555692758424,293.708720516100,173.217411522359,399.555692758424,299.708720516100,179.217411522359,2,4,10,80,142.561550744522,80,137700
BR0147,t3_0_c03328,2003850.000000000000,par_factible,BR0103|BR0281,3.000000000000,393.464172072871,293.587905218947,213.748735251768,399.464172072871,299.587905218947,219.748735251768,2,4,8,64,142.518261044097,64,2003850
BR0148,t3_0_c00182,676800.000000000000,optima_individual,BR0188,3.000000000000,393.456657286200,293.559680438227,193.726211629175,399.456657286200,299.559680438227,199.726211629175,2,4,9,72,142.510974689962,72,676800
BR0149,t3_0_c01885,67800.000000000000,par_factible,BR0036|BR0146,3.000000000000,393.555692758424,293.708720516100,173.217411522359,399.555692758424,299.708720516100,179.217411522359,2,4,10,80,142.561550744522,80,67800
BR0150,t3_0_c00182,279900.000000000000,optima_individual,BR0188,3.000000000000,393.456657286200,293.559680438227,193.726211629175,399.456657286200,299.559680438227,199.726211629175,2,4,9,72,142.510974689962,72,279900
BR0151,t3_0_c00244,223800.000000000000,optima_individual,BR0283,3.000000000000,393.987041795387,293.989934108923,218.995748919131,399.987041795387,299.989934108923,224.995748919131,2,4,8,64,142.706823450467,64,223800
BR0152,t3_0_c03328,277500.000000000000,par_factible,BR0103|BR0281,3.000000000000,393.464172072871,293.587905218947,213.748735251768,399.464172072871,299.587905218947,219.748735251768,2,4,8,64,142.518261044097,64,277500
BR0153,t3_0_c02927,463950.000000000000,par_factible,BR0089|BR0153,3.000000000000,393.707692424025,263.789457249705,246.609612684429,399.707692424025,269.789457249705,252.609612684429,2,4,7,56,136.492791661317,56,463950
BR0154,t3_0_c03328,428250.000000000000,par_factible,BR0103|BR0281,3.000000000000,393.464172072871,293.587905218947,213.748735251768,399.464172072871,299.587905218947,219.748735251768,2,4,8,64,142.518261044097,64,428250
BR0155,t3_0_c03763,126600.000000000000,par_factible,BR0120|BR0184,3.000000000000,393.846318385460,293.882265270826,206.352365791362,399.846318385460,299.882265270826,212.352365791362,2,4,8,64,142.656182829562,64,126600
BR0156,t3_0_c01906,30000.000000000000,par_factible,BR0036|BR0286,3.000000000000,393.789976507924,292.399264052730,172.172392210324,399.789976507924,298.399264052730,178.172392210324,2,4,10,80,142.342351416669,80,30000
BR0157,t3_0_c05690,1225200.000000000000,par_factible,BR0305|BR0323,3.000000000000,393.397607007077,293.568154721256,249.904557806744,399.397607007077,299.568154721256,255.904557806744,2,4,7,56,142.500663579750,56,1225200
BR0158,t3_0_c01885,34650.000000000000,par_factible,BR0036|BR0146,3.000000000000,393.555692758424,293.708720516100,173.217411522359,399.555692758424,299.708720516100,179.217411522359,2,4,10,80,142.561550744522,80,34650
BR0159,t3_0_c00017,557850.000000000000,optima_individual,BR0010,3.000000000000,392.705408975371,292.983218032755,157.357544839731,398.705408975371,298.983218032755,163.357544839731,2,4,11,88,142.240289531344,88,557850
BR0160,t3_0_c00017,273450.000000000000,optima_individual,BR0010,3.000000000000,392.705408975371,292.983218032755,157.357544839731,398.705408975371,298.983218032755,163.357544839731,2,4,11,88,142.240289531344,88,273450
BR0161,t3_0_c00182,49650.000000000000,optima_individual,BR0188,3.000000000000,393.456657286200,293.559680438227,193.726211629175,399.456657286200,299.559680438227,199.726211629175,2,4,9,72,142.510974689962,72,49650
BR0162,t3_0_c03328,260100.000000000000,par_factible,BR0103|BR0281,3.000000000000,393.464172072871,293.587905218947,213.748735251768,399.464172072871,299.587905218947,219.748735251768,2,4,8,64,142.518261044097,64,260100
BR0163,t3_0_c03763,130500.000000000000,par_factible,BR0120|BR0184,3.000000000000,393.846318385460,293.882265270826,206.352365791362,399.846318385460,299.882265270826,212.352365791362,2,4,8,64,142.656182829562,64,130500
BR0164,t3_0_c00017,15150.000000000000,optima_individual,BR0010,3.000000000000,392.705408975371,292.983218032755,157.357544839731,398.705408975371,298.983218032755,163.357544839731,2,4,11,88,142.240289531344,88,15150
BR0165,t3_0_c00182,26100.000000000000,optima_individual,BR0188,3.000000000000,393.456657286200,293.559680438227,193.726211629175,399.456657286200,299.559680438227,199.726211629175,2,4,9,72,142.510974689962,72,26100
BR0166,t3_0_c00161,47100.000000000000,optima_individual,BR0164,3.000000000000,393.727283445585,293.788157533760,143.939735003316,399.727283445585,299.788157533760,149.939735003316,2,4,12,96,142.612728665482,96,47100
BR0167,t3_0_c00017,6450.000000000000,optima_individual,BR0010,3.000000000000,392.705408975371,292.983218032755,157.357544839731,398.705408975371,298.983218032755,163.357544839731,2,4,11,88,142.240289531344,88,6450
BR0168,t3_0_c00182,103950.000000000000,optima_individual,BR0188,3.000000000000,393.456657286200,293.559680438227,193.726211629175,399.456657286200,299.559680438227,199.726211629175,2,4,9,72,142.510974689962,72,103950
BR0169,t3_0_c03328,49050.000000000000,par_factible,BR0103|BR0281,3.000000000000,393.464172072871,293.587905218947,213.748735251768,399.464172072871,299.587905218947,219.748735251768,2,4,8,64,142.518261044097,64,49050
BR0170,t3_0_c00161,11700.000000000000,optima_individual,BR0164,3.000000000000,393.727283445585,293.788157533760,143.939735003316,399.727283445585,299.788157533760,149.939735003316,2,4,12,96,142.612728665482,96,11700
BR0171,t3_0_c01912,103050.000000000000,par_factible,BR0036|BR0324,3.000000000000,392.816671857971,263.672587953179,173.323471288646,398.816671857971,269.672587953179,179.323471288646,2,4,10,80,136.287309530328,80,103050
BR0172,t3_0_c00244,91650.000000000000,optima_individual,BR0283,3.000000000000,393.987041795387,293.989934108923,218.995748919131,399.987041795387,299.989934108923,224.995748919131,2,4,8,64,142.706823450467,64,91650
BR0173,t3_0_c03328,772350.000000000000,par_factible,BR0103|BR0281,3.000000000000,393.464172072871,293.587905218947,213.748735251768,399.464172072871,299.587905218947,219.748735251768,2,4,8,64,142.518261044097,64,772350
BR0174,t3_0_c00017,84600.000000000000,optima_individual,BR0010,3.000000000000,392.705408975371,292.983218032755,157.357544839731,398.705408975371,298.983218032755,163.357544839731,2,4,11,88,142.240289531344,88,84600
BR0175,t3_0_c04025,56400.000000000000,par_factible,BR0134|BR0399,3.000000000000,393.403325358649,293.531366951489,284.889912118574,399.403325358649,299.531366951489,290.889912118574,2,4,6,48,142.494329345727,48,56400
BR0176,t3_0_c00072,32250.000000000000,optima_individual,BR0076,3.000000000000,393.899158030004,271.172057647342,157.620258901912,399.899158030004,277.172057647342,163.620258901912,2,4,11,88,138.036943736317,88,32250
BR0177,t3_0_c00072,5100.000000000000,optima_individual,BR0076,3.000000000000,393.899158030004,271.172057647342,157.620258901912,399.899158030004,277.172057647342,163.620258901912,2,4,11,88,138.036943736317,88,5100
BR0178,t3_0_c00173,128550.000000000000,optima_individual,BR0178,3.000000000000,393.899158030004,265.854958477787,157.620258901912,399.899158030004,271.854958477787,163.620258901912,2,4,11,88,136.952927606575,88,128550
BR0179,t3_0_c00161,42000.000000000000,optima_individual,BR0164,3.000000000000,393.727283445585,293.788157533760,143.939735003316,399.727283445585,299.788157533760,149.939735003316,2,4,12,96,142.612728665482,96,42000
BR0180,t3_0_c00072,59400.000000000000,optima_individual,BR0076,3.000000000000,393.899158030004,271.172057647342,157.620258901912,399.899158030004,277.172057647342,163.620258901912,2,4,11,88,138.036943736317,88,59400
BR0181,t3_0_c00072,55500.000000000000,optima_individual,BR0076,3.000000000000,393.899158030004,271.172057647342,157.620258901912,399.899158030004,277.172057647342,163.620258901912,2,4,11,88,138.036943736317,88,55500
BR0182,t3_0_c00215,907650.000000000000,optima_individual,BR0238,3.000000000000,393.693335084587,293.762924302295,251.100144978147,399.693335084587,299.762924302295,257.100144978147,2,4,7,56,142.600663101390,56,907650
BR0183,t3_0_c02065,91200.000000000000,par_factible,BR0048|BR0173,3.000000000000,393.379355375369,267.942798014790,218.900112316767,399.379355375369,273.942798014790,224.900112316767,2,4,8,64,137.272608924962,64,91200
BR0184,t3_0_c00182,12450.000000000000,optima_individual,BR0188,3.000000000000,393.456657286200,293.559680438227,193.726211629175,399.456657286200,299.559680438227,199.726211629175,2,4,9,72,142.510974689962,72,12450
BR0185,t3_0_c02740,147750.000000000000,par_factible,BR0081|BR0115,3.000000000000,393.877441753675,271.234396359934,292.438073667139,399.877441753675,277.234396359934,298.438073667139,2,4,6,48,138.045225578489,48,147750
BR0186,t3_0_c03328,187350.000000000000,par_factible,BR0103|BR0281,3.000000000000,393.464172072871,293.587905218947,213.748735251768,399.464172072871,299.587905218947,219.748735251768,2,4,8,64,142.518261044097,64,187350
BR0187,t3_0_c02780,1950.000000000000,par_factible,BR0081|BR0403,3.000000000000,392.925346983508,262.914337234015,292.383777521306,398.925346983508,268.914337234015,298.383777521306,2,4,6,48,136.154878217966,48,1950
BR0188,t3_0_c00182,355950.000000000000,optima_individual,BR0188,3.000000000000,393.456657286200,293.559680438227,193.726211629175,399.456657286200,299.559680438227,199.726211629175,2,4,9,72,142.510974689962,72,355950
BR0189,t3_0_c05529,1501650.000000000000,par_factible,BR0281|BR0329,3.000000000000,393.463918085494,263.730513018633,237.947756656019,399.463918085494,269.730513018633,243.947756656019,2,4,7,56,136.431075337856,56,1501650
BR0190,t3_0_c05529,46650.000000000000,par_factible,BR0281|BR0329,3.000000000000,393.463918085494,263.730513018633,237.947756656019,399.463918085494,269.730513018633,243.947756656019,2,4,7,56,136.431075337856,56,46650
BR0191,t3_0_c02065,207000.000000000000,par_factible,BR0048|BR0173,3.000000000000,393.379355375369,267.942798014790,218.900112316767,399.379355375369,273.942798014790,224.900112316767,2,4,8,64,137.272608924962,64,207000
BR0192,t3_0_c01232,175950.000000000000,par_factible,BR0021|BR0289,3.000000000000,392.822994214035,233.742158348144,211.031207366200,398.822994214035,239.742158348144,217.031207366200,2,5,8,80,130.186574168507,80,175950
BR0193,t3_0_c02731,1102350.000000000000,par_factible,BR0080|BR0363,3.000000000000,391.509154021161,270.418918157633,284.666922283448,397.509154021161,276.418918157633,290.666922283448,2,4,6,48,137.396139767485,48,1102350
BR0194,t3_0_c00012,151050.000000000000,optima_individual,BR0007,3.000000000000,393.879450675377,293.913580311683,293.899489682015,399.879450675377,299.913580311683,299.899489682015,2,4,6,48,142.669321938660,48,151050
BR0195,t3_0_c00012,986700.000000000000,optima_individual,BR0007,3.000000000000,393.879450675377,293.913580311683,293.899489682015,399.879450675377,299.913580311683,299.899489682015,2,4,6,48,142.669321938660,48,986700
BR0196,t3_0_c02731,97050.000000000000,par_factible,BR0080|BR0363,3.000000000000,391.509154021161,270.418918157633,284.666922283448,397.509154021161,276.418918157633,290.666922283448,2,4,6,48,137.396139767485,48,97050
BR0197,t3_0_c00182,127500.000000000000,optima_individual,BR0188,3.000000000000,393.456657286200,293.559680438227,193.726211629175,399.456657286200,299.559680438227,199.726211629175,2,4,9,72,142.510974689962,72,127500
BR0198,t3_0_c00182,451650.000000000000,optima_individual,BR0188,3.000000000000,393.456657286200,293.559680438227,193.726211629175,399.456657286200,299.559680438227,199.726211629175,2,4,9,72,142.510974689962,72,451650
BR0199,t3_0_c03328,100800.000000000000,par_factible,BR0103|BR0281,3.000000000000,393.464172072871,293.587905218947,213.748735251768,399.464172072871,299.587905218947,219.748735251768,2,4,8,64,142.518261044097,64,100800
BR0200,t3_0_c01885,132600.000000000000,par_factible,BR0036|BR0146,3.000000000000,393.555692758424,293.708720516100,173.217411522359,399.555692758424,299.708720516100,179.217411522359,2,4,10,80,142.561550744522,80,132600
BR0201,t3_0_c00244,44550.000000000000,optima_individual,BR0283,3.000000000000,393.987041795387,293.989934108923,218.995748919131,399.987041795387,299.989934108923,224.995748919131,2,4,8,64,142.706823450467,64,44550
BR0202,t3_0_c01885,152100.000000000000,par_factible,BR0036|BR0146,3.000000000000,393.555692758424,293.708720516100,173.217411522359,399.555692758424,299.708720516100,179.217411522359,2,4,10,80,142.561550744522,80,152100
BR0203,t3_0_c02065,748050.000000000000,par_factible,BR0048|BR0173,3.000000000000,393.379355375369,267.942798014790,218.900112316767,399.379355375369,273.942798014790,224.900112316767,2,4,8,64,137.272608924962,64,748050
BR0204,t3_0_c03395,179250.000000000000,par_factible,BR0106|BR0125,3.000000000000,393.679803576818,271.143676591170,214.833582632121,399.679803576818,277.143676591170,220.833582632121,2,4,8,64,137.986437007085,64,179250
BR0205,t3_0_c00244,755700.000000000000,optima_individual,BR0283,3.000000000000,393.987041795387,293.989934108923,218.995748919131,399.987041795387,299.989934108923,224.995748919131,2,4,8,64,142.706823450467,64,755700
BR0206,t3_0_c00182,1126050.000000000000,optima_individual,BR0188,3.000000000000,393.456657286200,293.559680438227,193.726211629175,399.456657286200,299.559680438227,199.726211629175,2,4,9,72,142.510974689962,72,1126050
BR0207,t3_0_c00182,1539600.000000000000,optima_individual,BR0188,3.000000000000,393.456657286200,293.559680438227,193.726211629175,399.456657286200,299.559680438227,199.726211629175,2,4,9,72,142.510974689962,72,1539600
BR0208,t3_0_c02927,22500.000000000000,par_factible,BR0089|BR0153,3.000000000000,393.707692424025,263.789457249705,246.609612684429,399.707692424025,269.789457249705,252.609612684429,2,4,7,56,136.492791661317,56,22500
BR0209,t3_0_c01885,35550.000000000000,par_factible,BR0036|BR0146,3.000000000000,393.555692758424,293.708720516100,173.217411522359,399.555692758424,299.708720516100,179.217411522359,2,4,10,80,142.561550744522,80,35550
BR0209XL,t3_0_c00182,42600.000000000000,optima_individual,BR0188,3.000000000000,393.456657286200,293.559680438227,193.726211629175,399.456657286200,299.559680438227,199.726211629175,2,4,9,72,142.510974689962,72,42600
BR0210,t3_0_c01906,114600.000000000000,par_factible,BR0036|BR0286,3.000000000000,393.789976507924,292.399264052730,172.172392210324,399.789976507924,298.399264052730,178.172392210324,2,4,10,80,142.342351416669,80,114600
BR0211,t3_0_c01906,89250.000000000000,par_factible,BR0036|BR0286,3.000000000000,393.789976507924,292.399264052730,172.172392210324,399.789976507924,298.399264052730,178.172392210324,2,4,10,80,142.342351416669,80,89250
BR0212,t3_0_c05177,155700.000000000000,par_factible,BR0212|BR0255,3.000000000000,392.717315350380,284.364648791201,353.218365142756,398.717315350380,290.364648791201,359.218365142756,2,4,5,40,140.485618220339,40,155700
BR0213,t3_0_c03763,112650.000000000000,par_factible,BR0120|BR0184,3.000000000000,393.846318385460,293.882265270826,206.352365791362,399.846318385460,299.882265270826,212.352365791362,2,4,8,64,142.656182829562,64,112650
BR0214,t3_0_c04434,64650.000000000000,par_factible,BR0149|BR0184,3.000000000000,393.817939885665,293.858578161277,185.063687650431,399.817939885665,299.858578161277,191.063687650431,2,4,9,72,142.645568026540,72,64650
BR0215,t3_0_c04434,7800.000000000000,par_factible,BR0149|BR0184,3.000000000000,393.817939885665,293.858578161277,185.063687650431,399.817939885665,299.858578161277,191.063687650431,2,4,9,72,142.645568026540,72,7800
BR0216,t3_0_c01912,74250.000000000000,par_factible,BR0036|BR0324,3.000000000000,392.816671857971,263.672587953179,173.323471288646,398.816671857971,269.672587953179,179.323471288646,2,4,10,80,136.287309530328,80,74250
BR0217,t3_0_c01885,53850.000000000000,par_factible,BR0036|BR0146,3.000000000000,393.555692758424,293.708720516100,173.217411522359,399.555692758424,299.708720516100,179.217411522359,2,4,10,80,142.561550744522,80,53850
BR0218,t3_0_c01906,3750.000000000000,par_factible,BR0036|BR0286,3.000000000000,393.789976507924,292.399264052730,172.172392210324,399.789976507924,298.399264052730,178.172392210324,2,4,10,80,142.342351416669,80,3750
BR0219,t3_0_c04442,94650.000000000000,par_factible,BR0149|BR0219,3.000000000000,393.795645664979,293.853501914681,168.024145066779,399.795645664979,299.853501914681,174.024145066779,2,4,10,80,142.639987910942,80,94650
BR0220,t3_0_c01900,65100.000000000000,par_factible,BR0036|BR0220,3.000000000000,392.963977944114,270.919861172734,173.203626516496,398.963977944114,276.919861172734,179.203626516496,2,4,10,80,137.794869006730,80,65100
BR0221,t3_0_c01912,439200.000000000000,par_factible,BR0036|BR0324,3.000000000000,392.816671857971,263.672587953179,173.323471288646,398.816671857971,269.672587953179,179.323471288646,2,4,10,80,136.287309530328,80,439200
BR0222,t3_0_c01179,123150.000000000000,par_factible,BR0020|BR0336,3.000000000000,392.579922309114,270.660762454932,193.633529189483,398.579922309114,276.660762454932,199.633529189483,2,4,9,72,137.663746815829,72,123150
BR0223,t3_0_c01900,103800.000000000000,par_factible,BR0036|BR0220,3.000000000000,392.963977944114,270.919861172734,173.203626516496,398.963977944114,276.919861172734,179.203626516496,2,4,10,80,137.794869006730,80,103800
BR0224,t3_0_c05277,57750.000000000000,par_factible,BR0224|BR0225,3.000000000000,392.631371988138,262.663912939518,143.816611467009,398.631371988138,268.663912939518,149.816611467009,2,4,12,96,136.043889576902,96,57750
BR0225,t3_0_c05277,118950.000000000000,par_factible,BR0224|BR0225,3.000000000000,392.631371988138,262.663912939518,143.816611467009,398.631371988138,268.663912939518,149.816611467009,2,4,12,96,136.043889576902,96,118950
BR0226,t3_0_c01900,40500.000000000000,par_factible,BR0036|BR0220,3.000000000000,392.963977944114,270.919861172734,173.203626516496,398.963977944114,276.919861172734,179.203626516496,2,4,10,80,137.794869006730,80,40500
BR0227,t3_0_c01331,108450.000000000000,par_factible,BR0023|BR0265,3.000000000000,393.259674904599,233.837820648833,190.052733420557,399.259674904599,239.837820648833,196.052733420557,2,5,9,90,130.295104848615,90,108450
BR0228,t3_0_c01900,67500.000000000000,par_factible,BR0036|BR0220,3.000000000000,392.963977944114,270.919861172734,173.203626516496,398.963977944114,276.919861172734,179.203626516496,2,4,10,80,137.794869006730,80,67500
BR0229,t3_0_c01179,341250.000000000000,par_factible,BR0020|BR0336,3.000000000000,392.579922309114,270.660762454932,193.633529189483,398.579922309114,276.660762454932,199.633529189483,2,4,9,72,137.663746815829,72,341250
BR0230,t3_0_c00161,3600.000000000000,optima_individual,BR0164,3.000000000000,393.727283445585,293.788157533760,143.939735003316,399.727283445585,299.788157533760,149.939735003316,2,4,12,96,142.612728665482,96,3600
BR0231,t3_0_c01906,3600.000000000000,par_factible,BR0036|BR0286,3.000000000000,393.789976507924,292.399264052730,172.172392210324,399.789976507924,298.399264052730,178.172392210324,2,4,10,80,142.342351416669,80,3600
BR0232,t3_0_c00215,31200.000000000000,optima_individual,BR0238,3.000000000000,393.693335084587,293.762924302295,251.100144978147,399.693335084587,299.762924302295,257.100144978147,2,4,7,56,142.600663101390,56,31200
BR0233,t3_0_c00012,1385550.000000000000,optima_individual,BR0007,3.000000000000,393.879450675377,293.913580311683,293.899489682015,399.879450675377,299.913580311683,299.899489682015,2,4,6,48,142.669321938660,48,1385550
BR0234,t3_0_c01900,116700.000000000000,par_factible,BR0036|BR0220,3.000000000000,392.963977944114,270.919861172734,173.203626516496,398.963977944114,276.919861172734,179.203626516496,2,4,10,80,137.794869006730,80,116700
BR0235,t3_0_c01389,30450.000000000000,par_factible,BR0024|BR0272,3.000000000000,393.926643810439,271.254614848935,249.936472350173,399.926643810439,277.254614848935,255.936472350173,2,4,7,56,138.059378594814,56,30450
BR0236,t3_0_c01389,231300.000000000000,par_factible,BR0024|BR0272,3.000000000000,393.926643810439,271.254614848935,249.936472350173,399.926643810439,277.254614848935,255.936472350173,2,4,7,56,138.059378594814,56,231300
BR0237,t3_0_c04534,45000.000000000000,par_factible,BR0151|BR0371,3.000000000000,393.288142989791,293.489681815439,243.106387964785,399.288142989791,299.489681815439,249.106387964785,2,4,7,56,142.462348203354,56,45000
BR0238,t3_0_c00215,102600.000000000000,optima_individual,BR0238,3.000000000000,393.693335084587,293.762924302295,251.100144978147,399.693335084587,299.762924302295,257.100144978147,2,4,7,56,142.600663101390,56,102600
BR0239,t3_0_c05349,3838050.000000000000,par_factible,BR0239|BR0339,3.000000000000,392.065471387297,233.576210143892,262.412056686635,398.065471387297,239.576210143892,268.412056686635,2,5,6,60,129.998302808312,60,3838050
BR0240,t3_0_c05349,365550.000000000000,par_factible,BR0239|BR0339,3.000000000000,392.065471387297,233.576210143892,262.412056686635,398.065471387297,239.576210143892,268.412056686635,2,5,6,60,129.998302808312,60,365550
BR0241,t3_0_c00215,57150.000000000000,optima_individual,BR0238,3.000000000000,393.693335084587,293.762924302295,251.100144978147,399.693335084587,299.762924302295,257.100144978147,2,4,7,56,142.600663101390,56,57150
BR0242,t3_0_c00215,275400.000000000000,optima_individual,BR0238,3.000000000000,393.693335084587,293.762924302295,251.100144978147,399.693335084587,299.762924302295,257.100144978147,2,4,7,56,142.600663101390,56,275400
BR0243,t3_0_c04025,2753250.000000000000,par_factible,BR0134|BR0399,3.000000000000,393.403325358649,293.531366951489,284.889912118574,399.403325358649,299.531366951489,290.889912118574,2,4,6,48,142.494329345727,48,2753250
BR0244,t3_0_c04534,1467600.000000000000,par_factible,BR0151|BR0371,3.000000000000,393.288142989791,293.489681815439,243.106387964785,399.288142989791,299.489681815439,249.106387964785,2,4,7,56,142.462348203354,56,1467600
BR0245,t3_0_c02230,44550.000000000000,par_factible,BR0051|BR0245,3.000000000000,393.555282378015,232.973500554299,238.125950324208,399.555282378015,238.973500554299,244.125950324208,2,5,7,70,130.179159361269,70,44550
BR0246,t3_0_c02048,328650.000000000000,par_factible,BR0048|BR0089,3.000000000000,391.471079795313,233.630666481262,248.209749977919,397.471079795313,239.630666481262,254.209749977919,2,5,7,70,129.888224266169,70,328650
BR0247,t3_0_c02740,2065050.000000000000,par_factible,BR0081|BR0115,3.000000000000,393.877441753675,271.234396359934,292.438073667139,399.877441753675,277.234396359934,298.438073667139,2,4,6,48,138.045225578489,48,2065050
BR0248,t3_0_c05426,2160600.000000000000,par_factible,BR0248|BR0400,3.000000000000,393.601957405569,280.627219137481,311.550127412735,399.601957405569,286.627219137481,317.550127412735,2,4,5,40,139.904010153060,40,2160600
BR0249,t3_0_c04025,883050.000000000000,par_factible,BR0134|BR0399,3.000000000000,393.403325358649,293.531366951489,284.889912118574,399.403325358649,299.531366951489,290.889912118574,2,4,6,48,142.494329345727,48,883050
BR0250,t3_0_c04025,41250.000000000000,par_factible,BR0134|BR0399,3.000000000000,393.403325358649,293.531366951489,284.889912118574,399.403325358649,299.531366951489,290.889912118574,2,4,6,48,142.494329345727,48,41250
BR0251,t3_0_c04122,450600.000000000000,par_factible,BR0137|BR0142,3.000000000000,392.984431148150,270.926903873598,329.725846264846,398.984431148150,276.926903873598,335.725846264846,2,4,5,40,137.800474695746,40,450600
BR0252,t3_0_c04122,4389900.000000000000,par_factible,BR0137|BR0142,3.000000000000,392.984431148150,270.926903873598,329.725846264846,398.984431148150,276.926903873598,335.725846264846,2,4,5,40,137.800474695746,40,4389900
BR0253,t3_0_c05440,7174350.000000000000,par_factible,BR0256|BR0343,3.000000000000,393.439879145896,270.858567588142,341.221264674101,399.439879145896,276.858567588142,347.221264674101,2,4,5,40,137.879396552712,40,7174350
BR0254,t3_0_c05440,147450.000000000000,par_factible,BR0256|BR0343,3.000000000000,393.439879145896,270.858567588142,341.221264674101,399.439879145896,276.858567588142,347.221264674101,2,4,5,40,137.879396552712,40,147450
BR0255,t3_0_c05177,2653050.000000000000,par_factible,BR0212|BR0255,3.000000000000,392.717315350380,284.364648791201,353.218365142756,398.717315350380,290.364648791201,359.218365142756,2,4,5,40,140.485618220339,40,2653050
BR0256,t3_0_c05177,1531200.000000000000,par_factible,BR0212|BR0255,3.000000000000,392.717315350380,284.364648791201,353.218365142756,398.717315350380,290.364648791201,359.218365142756,2,4,5,40,140.485618220339,40,1531200
BR0257,t3_0_c04025,361650.000000000000,par_factible,BR0134|BR0399,3.000000000000,393.403325358649,293.531366951489,284.889912118574,399.403325358649,299.531366951489,290.889912118574,2,4,6,48,142.494329345727,48,361650
BR0258,t3_0_c04025,402000.000000000000,par_factible,BR0134|BR0399,3.000000000000,393.403325358649,293.531366951489,284.889912118574,399.403325358649,299.531366951489,290.889912118574,2,4,6,48,142.494329345727,48,402000
BR0259,t3_0_c05529,103500.000000000000,par_factible,BR0281|BR0329,3.000000000000,393.463918085494,263.730513018633,237.947756656019,399.463918085494,269.730513018633,243.947756656019,2,4,7,56,136.431075337856,56,103500
BR0260,t3_0_c03395,38850.000000000000,par_factible,BR0106|BR0125,3.000000000000,393.679803576818,271.143676591170,214.833582632121,399.679803576818,277.143676591170,220.833582632121,2,4,8,64,137.986437007085,64,38850
BR0261,t3_0_c01179,59850.000000000000,par_factible,BR0020|BR0336,3.000000000000,392.579922309114,270.660762454932,193.633529189483,398.579922309114,276.660762454932,199.633529189483,2,4,9,72,137.663746815829,72,59850
BR0262,t3_0_c01179,20700.000000000000,par_factible,BR0020|BR0336,3.000000000000,392.579922309114,270.660762454932,193.633529189483,398.579922309114,276.660762454932,199.633529189483,2,4,9,72,137.663746815829,72,20700
BR0263,t3_0_c05467,88500.000000000000,par_factible,BR0263|BR0324,3.000000000000,393.029021458927,233.787292105319,200.542616533952,399.029021458927,239.787292105319,206.542616533952,2,5,8,80,130.237779265256,80,88500
BR0264,t3_0_c03114,307050.000000000000,par_factible,BR0097|BR0302,3.000000000000,393.794114158750,233.950962354025,209.483884683226,399.794114158750,239.950962354025,215.483884683226,2,5,8,80,130.427129507711,80,307050
BR0265,t3_0_c01331,114450.000000000000,par_factible,BR0023|BR0265,3.000000000000,393.259674904599,233.837820648833,190.052733420557,399.259674904599,239.837820648833,196.052733420557,2,5,9,90,130.295104848615,90,114450
BR0266,t3_0_c03929,102300.000000000000,par_factible,BR0130|BR0136,3.000000000000,393.828921779431,293.877356999302,265.931420790883,399.828921779431,299.877356999302,271.931420790883,2,4,6,48,142.651635453959,48,102300
BR0267,t3_0_c02740,503700.000000000000,par_factible,BR0081|BR0115,3.000000000000,393.877441753675,271.234396359934,292.438073667139,399.877441753675,277.234396359934,298.438073667139,2,4,6,48,138.045225578489,48,503700
BR0268,t3_0_c01885,613500.000000000000,par_factible,BR0036|BR0146,3.000000000000,393.555692758424,293.708720516100,173.217411522359,399.555692758424,299.708720516100,179.217411522359,2,4,10,80,142.561550744522,80,613500
BR0269,t3_0_c01179,190800.000000000000,par_factible,BR0020|BR0336,3.000000000000,392.579922309114,270.660762454932,193.633529189483,398.579922309114,276.660762454932,199.633529189483,2,4,9,72,137.663746815829,72,190800
BR0270,t3_0_c00182,104850.000000000000,optima_individual,BR0188,3.000000000000,393.456657286200,293.559680438227,193.726211629175,399.456657286200,299.559680438227,199.726211629175,2,4,9,72,142.510974689962,72,104850
BR0271,t3_0_c00182,107550.000000000000,optima_individual,BR0188,3.000000000000,393.456657286200,293.559680438227,193.726211629175,399.456657286200,299.559680438227,199.726211629175,2,4,9,72,142.510974689962,72,107550
BR0272,t3_0_c05690,104850.000000000000,par_factible,BR0305|BR0323,3.000000000000,393.397607007077,293.568154721256,249.904557806744,399.397607007077,299.568154721256,255.904557806744,2,4,7,56,142.500663579750,56,104850
BR0273,t3_0_c03328,63150.000000000000,par_factible,BR0103|BR0281,3.000000000000,393.464172072871,293.587905218947,213.748735251768,399.464172072871,299.587905218947,219.748735251768,2,4,8,64,142.518261044097,64,63150
BR0274,t3_0_c00215,51600.000000000000,optima_individual,BR0238,3.000000000000,393.693335084587,293.762924302295,251.100144978147,399.693335084587,299.762924302295,257.100144978147,2,4,7,56,142.600663101390,56,51600
BR0275,t3_0_c01885,115200.000000000000,par_factible,BR0036|BR0146,3.000000000000,393.555692758424,293.708720516100,173.217411522359,399.555692758424,299.708720516100,179.217411522359,2,4,10,80,142.561550744522,80,115200
BR0276,t3_0_c00017,113400.000000000000,optima_individual,BR0010,3.000000000000,392.705408975371,292.983218032755,157.357544839731,398.705408975371,298.983218032755,163.357544839731,2,4,11,88,142.240289531344,88,113400
BR0277,t3_0_c02740,249000.000000000000,par_factible,BR0081|BR0115,3.000000000000,393.877441753675,271.234396359934,292.438073667139,399.877441753675,277.234396359934,298.438073667139,2,4,6,48,138.045225578489,48,249000
BR0278,t3_0_c02740,213900.000000000000,par_factible,BR0081|BR0115,3.000000000000,393.877441753675,271.234396359934,292.438073667139,399.877441753675,277.234396359934,298.438073667139,2,4,6,48,138.045225578489,48,213900
BR0279,t3_0_c00215,243150.000000000000,optima_individual,BR0238,3.000000000000,393.693335084587,293.762924302295,251.100144978147,399.693335084587,299.762924302295,257.100144978147,2,4,7,56,142.600663101390,56,243150
BR0280,t3_0_c05690,234300.000000000000,par_factible,BR0305|BR0323,3.000000000000,393.397607007077,293.568154721256,249.904557806744,399.397607007077,299.568154721256,255.904557806744,2,4,7,56,142.500663579750,56,234300
BR0281,t3_0_c03328,46650.000000000000,par_factible,BR0103|BR0281,3.000000000000,393.464172072871,293.587905218947,213.748735251768,399.464172072871,299.587905218947,219.748735251768,2,4,8,64,142.518261044097,64,46650
BR0282,t3_0_c03929,62850.000000000000,par_factible,BR0130|BR0136,3.000000000000,393.828921779431,293.877356999302,265.931420790883,399.828921779431,299.877356999302,271.931420790883,2,4,6,48,142.651635453959,48,62850
BR0283,t3_0_c00244,58950.000000000000,optima_individual,BR0283,3.000000000000,393.987041795387,293.989934108923,218.995748919131,399.987041795387,299.989934108923,224.995748919131,2,4,8,64,142.706823450467,64,58950
BR0284,t3_0_c03328,134700.000000000000,par_factible,BR0103|BR0281,3.000000000000,393.464172072871,293.587905218947,213.748735251768,399.464172072871,299.587905218947,219.748735251768,2,4,8,64,142.518261044097,64,134700
BR0285,t3_0_c01885,16200.000000000000,par_factible,BR0036|BR0146,3.000000000000,393.555692758424,293.708720516100,173.217411522359,399.555692758424,299.708720516100,179.217411522359,2,4,10,80,142.561550744522,80,16200
BR0286,t3_0_c01885,5250.000000000000,par_factible,BR0036|BR0146,3.000000000000,393.555692758424,293.708720516100,173.217411522359,399.555692758424,299.708720516100,179.217411522359,2,4,10,80,142.561550744522,80,5250
BR0287,t3_0_c02740,346500.000000000000,par_factible,BR0081|BR0115,3.000000000000,393.877441753675,271.234396359934,292.438073667139,399.877441753675,277.234396359934,298.438073667139,2,4,6,48,138.045225578489,48,346500
BR0288,t3_0_c02148,273450.000000000000,par_factible,BR0050|BR0087,3.000000000000,393.091067535497,233.867256980065,227.079561543540,399.091067535497,239.867256980065,233.079561543540,2,5,7,70,130.266731548619,70,273450
BR0289,t3_0_c01232,87150.000000000000,par_factible,BR0021|BR0289,3.000000000000,392.822994214035,233.742158348144,211.031207366200,398.822994214035,239.742158348144,217.031207366200,2,5,8,80,130.186574168507,80,87150
BR0290,t3_0_c00012,107100.000000000000,optima_individual,BR0007,3.000000000000,393.879450675377,293.913580311683,293.899489682015,399.879450675377,299.913580311683,299.899489682015,2,4,6,48,142.669321938660,48,107100
BR0291,t3_0_c00182,111450.000000000000,optima_individual,BR0188,3.000000000000,393.456657286200,293.559680438227,193.726211629175,399.456657286200,299.559680438227,199.726211629175,2,4,9,72,142.510974689962,72,111450
BR0292,t3_0_c04025,193200.000000000000,par_factible,BR0134|BR0399,3.000000000000,393.403325358649,293.531366951489,284.889912118574,399.403325358649,299.531366951489,290.889912118574,2,4,6,48,142.494329345727,48,193200
BR0293,t3_0_c03328,153600.000000000000,par_factible,BR0103|BR0281,3.000000000000,393.464172072871,293.587905218947,213.748735251768,399.464172072871,299.587905218947,219.748735251768,2,4,8,64,142.518261044097,64,153600
BR0294,t3_0_c04817,17100.000000000000,par_factible,BR0171|BR0336,3.000000000000,393.960277591863,293.969291394342,177.655863693498,399.960277591863,299.969291394342,183.655863693498,2,4,9,72,142.697158431582,72,17100
BR0295,t3_0_c00962,74850.000000000000,par_factible,BR0014|BR0026,3.000000000000,393.709108395608,293.774039414591,232.891854981838,399.709108395608,299.774039414591,238.891854981838,2,4,7,56,142.606144940952,56,74850
BR0296,t3_0_c00962,112950.000000000000,par_factible,BR0014|BR0026,3.000000000000,393.709108395608,293.774039414591,232.891854981838,399.709108395608,299.774039414591,238.891854981838,2,4,7,56,142.606144940952,56,112950
BR0297,t3_0_c00161,176550.000000000000,optima_individual,BR0164,3.000000000000,393.727283445585,293.788157533760,143.939735003316,399.727283445585,299.788157533760,149.939735003316,2,4,12,96,142.612728665482,96,176550
BR0298,t3_0_c00161,45150.000000000000,optima_individual,BR0164,3.000000000000,393.727283445585,293.788157533760,143.939735003316,399.727283445585,299.788157533760,149.939735003316,2,4,12,96,142.612728665482,96,45150
BR0299,t3_0_c03328,25800.000000000000,par_factible,BR0103|BR0281,3.000000000000,393.464172072871,293.587905218947,213.748735251768,399.464172072871,299.587905218947,219.748735251768,2,4,8,64,142.518261044097,64,25800
BR0300,t3_0_c02984,1007400.000000000000,par_factible,BR0091|BR0289,3.000000000000,392.728014516786,233.721351436929,216.275080893379,398.728014516786,239.721351436929,222.275080893379,2,5,8,80,130.162968336233,80,1007400
BR0301,t3_0_c02139,210300.000000000000,par_factible,BR0049|BR0339,3.000000000000,390.736060465176,233.523320860284,258.159669960407,396.736060465176,239.523320860284,264.159669960407,2,5,6,60,129.716488294162,60,210300
BR0302,t3_0_c03114,1393650.000000000000,par_factible,BR0097|BR0302,3.000000000000,393.794114158750,233.950962354025,209.483884683226,399.794114158750,239.950962354025,215.483884683226,2,5,8,80,130.427129507711,80,1393650
BR0303,t3_0_c00050,13200.000000000000,optima_individual,BR0043,3.000000000000,390.088347872810,233.458388343332,151.416841079885,396.088347872810,239.458388343332,157.416841079885,2,5,11,110,129.571198772818,110,13200
BR0304,t3_0_c00173,258600.000000000000,optima_individual,BR0178,3.000000000000,393.899158030004,265.854958477787,157.620258901912,399.899158030004,271.854958477787,163.620258901912,2,4,11,88,136.952927606575,88,258600
BR0305,t3_0_c05690,77400.000000000000,par_factible,BR0305|BR0323,3.000000000000,393.397607007077,293.568154721256,249.904557806744,399.397607007077,299.568154721256,255.904557806744,2,4,7,56,142.500663579750,56,77400
BR0306,t3_0_c00215,2385900.000000000000,optima_individual,BR0238,3.000000000000,393.693335084587,293.762924302295,251.100144978147,399.693335084587,299.762924302295,257.100144978147,2,4,7,56,142.600663101390,56,2385900
BR0307,t3_0_c00215,97050.000000000000,optima_individual,BR0238,3.000000000000,393.693335084587,293.762924302295,251.100144978147,399.693335084587,299.762924302295,257.100144978147,2,4,7,56,142.600663101390,56,97050
BR0308,t3_0_c03328,75150.000000000000,par_factible,BR0103|BR0281,3.000000000000,393.464172072871,293.587905218947,213.748735251768,399.464172072871,299.587905218947,219.748735251768,2,4,8,64,142.518261044097,64,75150
BR0309,t3_0_c01900,145350.000000000000,par_factible,BR0036|BR0220,3.000000000000,392.963977944114,270.919861172734,173.203626516496,398.963977944114,276.919861172734,179.203626516496,2,4,10,80,137.794869006730,80,145350
BR0310,t3_0_c02731,263400.000000000000,par_factible,BR0080|BR0363,3.000000000000,391.509154021161,270.418918157633,284.666922283448,397.509154021161,276.418918157633,290.666922283448,2,4,6,48,137.396139767485,48,263400
BR0310XL,t3_0_c03929,291600.000000000000,par_factible,BR0130|BR0136,3.000000000000,393.828921779431,293.877356999302,265.931420790883,399.828921779431,299.877356999302,271.931420790883,2,4,6,48,142.651635453959,48,291600
BR0311,t3_0_c03328,132300.000000000000,par_factible,BR0103|BR0281,3.000000000000,393.464172072871,293.587905218947,213.748735251768,399.464172072871,299.587905218947,219.748735251768,2,4,8,64,142.518261044097,64,132300
BR0312,t3_0_c03328,133050.000000000000,par_factible,BR0103|BR0281,3.000000000000,393.464172072871,293.587905218947,213.748735251768,399.464172072871,299.587905218947,219.748735251768,2,4,8,64,142.518261044097,64,133050
BR0313,t3_0_c03328,233100.000000000000,par_factible,BR0103|BR0281,3.000000000000,393.464172072871,293.587905218947,213.748735251768,399.464172072871,299.587905218947,219.748735251768,2,4,8,64,142.518261044097,64,233100
BR0314,t3_0_c01906,842700.000000000000,par_factible,BR0036|BR0286,3.000000000000,393.789976507924,292.399264052730,172.172392210324,399.789976507924,298.399264052730,178.172392210324,2,4,10,80,142.342351416669,80,842700
BR0314XL,t3_0_c01885,821700.000000000000,par_factible,BR0036|BR0146,3.000000000000,393.555692758424,293.708720516100,173.217411522359,399.555692758424,299.708720516100,179.217411522359,2,4,10,80,142.561550744522,80,821700
BR0315,t3_0_c01906,143550.000000000000,par_factible,BR0036|BR0286,3.000000000000,393.789976507924,292.399264052730,172.172392210324,399.789976507924,298.399264052730,178.172392210324,2,4,10,80,142.342351416669,80,143550
BR0316,t3_0_c00017,98850.000000000000,optima_individual,BR0010,3.000000000000,392.705408975371,292.983218032755,157.357544839731,398.705408975371,298.983218032755,163.357544839731,2,4,11,88,142.240289531344,88,98850
BR0317,t3_0_c00017,99750.000000000000,optima_individual,BR0010,3.000000000000,392.705408975371,292.983218032755,157.357544839731,398.705408975371,298.983218032755,163.357544839731,2,4,11,88,142.240289531344,88,99750
BR0318,t3_0_c00182,49950.000000000000,optima_individual,BR0188,3.000000000000,393.456657286200,293.559680438227,193.726211629175,399.456657286200,299.559680438227,199.726211629175,2,4,9,72,142.510974689962,72,49950
BR0319,t3_0_c00017,41700.000000000000,optima_individual,BR0010,3.000000000000,392.705408975371,292.983218032755,157.357544839731,398.705408975371,298.983218032755,163.357544839731,2,4,11,88,142.240289531344,88,41700
BR0320,t3_0_c03763,25800.000000000000,par_factible,BR0120|BR0184,3.000000000000,393.846318385460,293.882265270826,206.352365791362,399.846318385460,299.882265270826,212.352365791362,2,4,8,64,142.656182829562,64,25800
BR0321,t3_0_c02139,699300.000000000000,par_factible,BR0049|BR0339,3.000000000000,390.736060465176,233.523320860284,258.159669960407,396.736060465176,239.523320860284,264.159669960407,2,5,6,60,129.716488294162,60,699300
BR0322,t3_0_c00244,1093050.000000000000,optima_individual,BR0283,3.000000000000,393.987041795387,293.989934108923,218.995748919131,399.987041795387,299.989934108923,224.995748919131,2,4,8,64,142.706823450467,64,1093050
BR0323,t3_0_c05690,34350.000000000000,par_factible,BR0305|BR0323,3.000000000000,393.397607007077,293.568154721256,249.904557806744,399.397607007077,299.568154721256,255.904557806744,2,4,7,56,142.500663579750,56,34350
BR0324,t3_0_c01912,267150.000000000000,par_factible,BR0036|BR0324,3.000000000000,392.816671857971,263.672587953179,173.323471288646,398.816671857971,269.672587953179,179.323471288646,2,4,10,80,136.287309530328,80,267150
BR0325,t3_0_c01389,137550.000000000000,par_factible,BR0024|BR0272,3.000000000000,393.926643810439,271.254614848935,249.936472350173,399.926643810439,277.254614848935,255.936472350173,2,4,7,56,138.059378594814,56,137550
BR0326,t3_0_c05678,162900.000000000000,par_factible,BR0301|BR0326,3.000000000000,393.252702837035,233.836293299358,266.493450158913,399.252702837035,239.836293299358,272.493450158913,2,5,6,60,130.293372041897,60,162900
BR0327,t3_0_c00293,145950.000000000000,optima_individual,BR0327,3.000000000000,389.167844752098,232.941435956593,280.802884248491,395.167844752098,238.941435956593,286.802884248491,2,5,6,60,129.278139548950,60,145950
BR0328,t3_0_c02148,77550.000000000000,par_factible,BR0050|BR0087,3.000000000000,393.091067535497,233.867256980065,227.079561543540,399.091067535497,239.867256980065,233.079561543540,2,5,7,70,130.266731548619,70,77550
BR0329,t3_0_c02230,71700.000000000000,par_factible,BR0051|BR0245,3.000000000000,393.555282378015,232.973500554299,238.125950324208,399.555282378015,238.973500554299,244.125950324208,2,5,7,70,130.179159361269,70,71700
BR0330,t3_0_c02148,77400.000000000000,par_factible,BR0050|BR0087,3.000000000000,393.091067535497,233.867256980065,227.079561543540,399.091067535497,239.867256980065,233.079561543540,2,5,7,70,130.266731548619,70,77400
BR0331,t3_0_c02230,61200.000000000000,par_factible,BR0051|BR0245,3.000000000000,393.555282378015,232.973500554299,238.125950324208,399.555282378015,238.973500554299,244.125950324208,2,5,7,70,130.179159361269,70,61200
BR0332,t3_0_c02927,1981050.000000000000,par_factible,BR0089|BR0153,3.000000000000,393.707692424025,263.789457249705,246.609612684429,399.707692424025,269.789457249705,252.609612684429,2,4,7,56,136.492791661317,56,1981050
BR0333,t3_0_c02065,136350.000000000000,par_factible,BR0048|BR0173,3.000000000000,393.379355375369,267.942798014790,218.900112316767,399.379355375369,273.942798014790,224.900112316767,2,4,8,64,137.272608924962,64,136350
BR0334,t3_0_c01389,2127600.000000000000,par_factible,BR0024|BR0272,3.000000000000,393.926643810439,271.254614848935,249.936472350173,399.926643810439,277.254614848935,255.936472350173,2,4,7,56,138.059378594814,56,2127600
BR0335,t3_0_c02927,84900.000000000000,par_factible,BR0089|BR0153,3.000000000000,393.707692424025,263.789457249705,246.609612684429,399.707692424025,269.789457249705,252.609612684429,2,4,7,56,136.492791661317,56,84900
BR0336,t3_0_c00182,62850.000000000000,optima_individual,BR0188,3.000000000000,393.456657286200,293.559680438227,193.726211629175,399.456657286200,299.559680438227,199.726211629175,2,4,9,72,142.510974689962,72,62850
BR0337,t3_0_c02984,38700.000000000000,par_factible,BR0091|BR0289,3.000000000000,392.728014516786,233.721351436929,216.275080893379,398.728014516786,239.721351436929,222.275080893379,2,5,8,80,130.162968336233,80,38700
BR0338,t3_0_c01885,69450.000000000000,par_factible,BR0036|BR0146,3.000000000000,393.555692758424,293.708720516100,173.217411522359,399.555692758424,299.708720516100,179.217411522359,2,4,10,80,142.561550744522,80,69450
BR0339,t3_0_c05349,1654650.000000000000,par_factible,BR0239|BR0339,3.000000000000,392.065471387297,233.576210143892,262.412056686635,398.065471387297,239.576210143892,268.412056686635,2,5,6,60,129.998302808312,60,1654650
BR0340,t3_0_c02065,4051200.000000000000,par_factible,BR0048|BR0173,3.000000000000,393.379355375369,267.942798014790,218.900112316767,399.379355375369,273.942798014790,224.900112316767,2,4,8,64,137.272608924962,64,4051200
BR0340XL,t3_0_c01389,4252350.000000000000,par_factible,BR0024|BR0272,3.000000000000,393.926643810439,271.254614848935,249.936472350173,399.926643810439,277.254614848935,255.936472350173,2,4,7,56,138.059378594814,56,4252350
BR0341,t3_0_c02148,1118850.000000000000,par_factible,BR0050|BR0087,3.000000000000,393.091067535497,233.867256980065,227.079561543540,399.091067535497,239.867256980065,233.079561543540,2,5,7,70,130.266731548619,70,1118850
BR0342,t3_0_c05529,109050.000000000000,par_factible,BR0281|BR0329,3.000000000000,393.463918085494,263.730513018633,237.947756656019,399.463918085494,269.730513018633,243.947756656019,2,4,7,56,136.431075337856,56,109050
BR0343,t3_0_c04122,1073250.000000000000,par_factible,BR0137|BR0142,3.000000000000,392.984431148150,270.926903873598,329.725846264846,398.984431148150,276.926903873598,335.725846264846,2,4,5,40,137.800474695746,40,1073250
BR0344,t3_0_c02731,977250.000000000000,par_factible,BR0080|BR0363,3.000000000000,391.509154021161,270.418918157633,284.666922283448,397.509154021161,276.418918157633,290.666922283448,2,4,6,48,137.396139767485,48,977250
BR0345,t3_0_c05813,1971450.000000000000,par_factible,BR0345|BR0400,3.000000000000,393.891448512403,293.919553286123,311.631731930534,399.891448512403,299.919553286123,317.631731930534,2,4,5,40,142.672985712623,40,1971450
BR0346,t3_0_c00215,1073250.000000000000,optima_individual,BR0238,3.000000000000,393.693335084587,293.762924302295,251.100144978147,399.693335084587,299.762924302295,257.100144978147,2,4,7,56,142.600663101390,56,1073250
BR0347,t3_0_c04534,1022550.000000000000,par_factible,BR0151|BR0371,3.000000000000,393.288142989791,293.489681815439,243.106387964785,399.288142989791,299.489681815439,249.106387964785,2,4,7,56,142.462348203354,56,1022550
BR0348,t3_0_c04025,445950.000000000000,par_factible,BR0134|BR0399,3.000000000000,393.403325358649,293.531366951489,284.889912118574,399.403325358649,299.531366951489,290.889912118574,2,4,6,48,142.494329345727,48,445950
BR0349,t3_0_c00215,247500.000000000000,optima_individual,BR0238,3.000000000000,393.693335084587,293.762924302295,251.100144978147,399.693335084587,299.762924302295,257.100144978147,2,4,7,56,142.600663101390,56,247500
BR0350,t3_0_c03328,9000.000000000000,par_factible,BR0103|BR0281,3.000000000000,393.464172072871,293.587905218947,213.748735251768,399.464172072871,299.587905218947,219.748735251768,2,4,8,64,142.518261044097,64,9000
BR0351,t3_0_c03328,167850.000000000000,par_factible,BR0103|BR0281,3.000000000000,393.464172072871,293.587905218947,213.748735251768,399.464172072871,299.587905218947,219.748735251768,2,4,8,64,142.518261044097,64,167850
BR0352,t3_0_c02740,96150.000000000000,par_factible,BR0081|BR0115,3.000000000000,393.877441753675,271.234396359934,292.438073667139,399.877441753675,277.234396359934,298.438073667139,2,4,6,48,138.045225578489,48,96150
BR0353,t3_0_c02139,53400.000000000000,par_factible,BR0049|BR0339,3.000000000000,390.736060465176,233.523320860284,258.159669960407,396.736060465176,239.523320860284,264.159669960407,2,5,6,60,129.716488294162,60,53400
BR0354,t3_0_c02731,156600.000000000000,par_factible,BR0080|BR0363,3.000000000000,391.509154021161,270.418918157633,284.666922283448,397.509154021161,276.418918157633,290.666922283448,2,4,6,48,137.396139767485,48,156600
BR0355,t3_0_c01179,49950.000000000000,par_factible,BR0020|BR0336,3.000000000000,392.579922309114,270.660762454932,193.633529189483,398.579922309114,276.660762454932,199.633529189483,2,4,9,72,137.663746815829,72,49950
BR0356,t3_0_c01389,101700.000000000000,par_factible,BR0024|BR0272,3.000000000000,393.926643810439,271.254614848935,249.936472350173,399.926643810439,277.254614848935,255.936472350173,2,4,7,56,138.059378594814,56,101700
BR0357,t3_0_c02230,49500.000000000000,par_factible,BR0051|BR0245,3.000000000000,393.555282378015,232.973500554299,238.125950324208,399.555282378015,238.973500554299,244.125950324208,2,5,7,70,130.179159361269,70,49500
BR0358,t3_0_c00215,23400.000000000000,optima_individual,BR0238,3.000000000000,393.693335084587,293.762924302295,251.100144978147,399.693335084587,299.762924302295,257.100144978147,2,4,7,56,142.600663101390,56,23400
BR0359,t3_0_c02230,42300.000000000000,par_factible,BR0051|BR0245,3.000000000000,393.555282378015,232.973500554299,238.125950324208,399.555282378015,238.973500554299,244.125950324208,2,5,7,70,130.179159361269,70,42300
BR0360,t3_0_c00182,208800.000000000000,optima_individual,BR0188,3.000000000000,393.456657286200,293.559680438227,193.726211629175,399.456657286200,299.559680438227,199.726211629175,2,4,9,72,142.510974689962,72,208800
BR0361,t3_0_c00017,196050.000000000000,optima_individual,BR0010,3.000000000000,392.705408975371,292.983218032755,157.357544839731,398.705408975371,298.983218032755,163.357544839731,2,4,11,88,142.240289531344,88,196050
BR0362,t3_0_c03929,70800.000000000000,par_factible,BR0130|BR0136,3.000000000000,393.828921779431,293.877356999302,265.931420790883,399.828921779431,299.877356999302,271.931420790883,2,4,6,48,142.651635453959,48,70800
BR0363,t3_0_c03929,291900.000000000000,par_factible,BR0130|BR0136,3.000000000000,393.828921779431,293.877356999302,265.931420790883,399.828921779431,299.877356999302,271.931420790883,2,4,6,48,142.651635453959,48,291900
BR0364,t3_0_c00962,216000.000000000000,par_factible,BR0014|BR0026,3.000000000000,393.709108395608,293.774039414591,232.891854981838,399.709108395608,299.774039414591,238.891854981838,2,4,7,56,142.606144940952,56,216000
BR0365,t3_0_c01885,201150.000000000000,par_factible,BR0036|BR0146,3.000000000000,393.555692758424,293.708720516100,173.217411522359,399.555692758424,299.708720516100,179.217411522359,2,4,10,80,142.561550744522,80,201150
BR0366,t3_0_c00244,34350.000000000000,optima_individual,BR0283,3.000000000000,393.987041795387,293.989934108923,218.995748919131,399.987041795387,299.989934108923,224.995748919131,2,4,8,64,142.706823450467,64,34350
BR0367,t3_0_c00182,106350.000000000000,optima_individual,BR0188,3.000000000000,393.456657286200,293.559680438227,193.726211629175,399.456657286200,299.559680438227,199.726211629175,2,4,9,72,142.510974689962,72,106350
BR0368,t3_0_c04817,210000.000000000000,par_factible,BR0171|BR0336,3.000000000000,393.960277591863,293.969291394342,177.655863693498,399.960277591863,299.969291394342,183.655863693498,2,4,9,72,142.697158431582,72,210000
BR0369,t3_0_c03929,137850.000000000000,par_factible,BR0130|BR0136,3.000000000000,393.828921779431,293.877356999302,265.931420790883,399.828921779431,299.877356999302,271.931420790883,2,4,6,48,142.651635453959,48,137850
BR0370,t3_0_c00962,272100.000000000000,par_factible,BR0014|BR0026,3.000000000000,393.709108395608,293.774039414591,232.891854981838,399.709108395608,299.774039414591,238.891854981838,2,4,7,56,142.606144940952,56,272100
BR0371,t3_0_c00215,379350.000000000000,optima_individual,BR0238,3.000000000000,393.693335084587,293.762924302295,251.100144978147,399.693335084587,299.762924302295,257.100144978147,2,4,7,56,142.600663101390,56,379350
BR0372,t3_0_c03929,567450.000000000000,par_factible,BR0130|BR0136,3.000000000000,393.828921779431,293.877356999302,265.931420790883,399.828921779431,299.877356999302,271.931420790883,2,4,6,48,142.651635453959,48,567450
BR0373,t3_0_c00012,153600.000000000000,optima_individual,BR0007,3.000000000000,393.879450675377,293.913580311683,293.899489682015,399.879450675377,299.913580311683,299.899489682015,2,4,6,48,142.669321938660,48,153600
BR0374,t3_0_c00215,42900.000000000000,optima_individual,BR0238,3.000000000000,393.693335084587,293.762924302295,251.100144978147,399.693335084587,299.762924302295,257.100144978147,2,4,7,56,142.600663101390,56,42900
BR0375,t3_0_c00215,645600.000000000000,optima_individual,BR0238,3.000000000000,393.693335084587,293.762924302295,251.100144978147,399.693335084587,299.762924302295,257.100144978147,2,4,7,56,142.600663101390,56,645600
BR0376,t3_0_c00215,192600.000000000000,optima_individual,BR0238,3.000000000000,393.693335084587,293.762924302295,251.100144978147,399.693335084587,299.762924302295,257.100144978147,2,4,7,56,142.600663101390,56,192600
BR0377,t3_0_c00215,83700.000000000000,optima_individual,BR0238,3.000000000000,393.693335084587,293.762924302295,251.100144978147,399.693335084587,299.762924302295,257.100144978147,2,4,7,56,142.600663101390,56,83700
BR0378,t3_0_c02927,23700.000000000000,par_factible,BR0089|BR0153,3.000000000000,393.707692424025,263.789457249705,246.609612684429,399.707692424025,269.789457249705,252.609612684429,2,4,7,56,136.492791661317,56,23700
BR0379,t3_0_c01389,181950.000000000000,par_factible,BR0024|BR0272,3.000000000000,393.926643810439,271.254614848935,249.936472350173,399.926643810439,277.254614848935,255.936472350173,2,4,7,56,138.059378594814,56,181950
BR0380,t3_0_c01389,329250.000000000000,par_factible,BR0024|BR0272,3.000000000000,393.926643810439,271.254614848935,249.936472350173,399.926643810439,277.254614848935,255.936472350173,2,4,7,56,138.059378594814,56,329250
BR0381,t3_0_c02065,72600.000000000000,par_factible,BR0048|BR0173,3.000000000000,393.379355375369,267.942798014790,218.900112316767,399.379355375369,273.942798014790,224.900112316767,2,4,8,64,137.272608924962,64,72600
BR0382,t3_0_c02065,166950.000000000000,par_factible,BR0048|BR0173,3.000000000000,393.379355375369,267.942798014790,218.900112316767,399.379355375369,273.942798014790,224.900112316767,2,4,8,64,137.272608924962,64,166950
BR0383,t3_0_c02065,38700.000000000000,par_factible,BR0048|BR0173,3.000000000000,393.379355375369,267.942798014790,218.900112316767,399.379355375369,273.942798014790,224.900112316767,2,4,8,64,137.272608924962,64,38700
BR0384,t3_0_c02065,48150.000000000000,par_factible,BR0048|BR0173,3.000000000000,393.379355375369,267.942798014790,218.900112316767,399.379355375369,273.942798014790,224.900112316767,2,4,8,64,137.272608924962,64,48150
BR0385,t3_0_c02065,900.000000000000,par_factible,BR0048|BR0173,3.000000000000,393.379355375369,267.942798014790,218.900112316767,399.379355375369,273.942798014790,224.900112316767,2,4,8,64,137.272608924962,64,900
BR0386,t3_0_c00244,900.000000000000,optima_individual,BR0283,3.000000000000,393.987041795387,293.989934108923,218.995748919131,399.987041795387,299.989934108923,224.995748919131,2,4,8,64,142.706823450467,64,900
BR0387,t3_0_c00182,10800.000000000000,optima_individual,BR0188,3.000000000000,393.456657286200,293.559680438227,193.726211629175,399.456657286200,299.559680438227,199.726211629175,2,4,9,72,142.510974689962,72,10800
BR0388,t3_0_c02230,134850.000000000000,par_factible,BR0051|BR0245,3.000000000000,393.555282378015,232.973500554299,238.125950324208,399.555282378015,238.973500554299,244.125950324208,2,5,7,70,130.179159361269,70,134850
BR0389,t3_0_c02065,5400.000000000000,par_factible,BR0048|BR0173,3.000000000000,393.379355375369,267.942798014790,218.900112316767,399.379355375369,273.942798014790,224.900112316767,2,4,8,64,137.272608924962,64,5400
BR0390,t3_0_c02927,9450.000000000000,par_factible,BR0089|BR0153,3.000000000000,393.707692424025,263.789457249705,246.609612684429,399.707692424025,269.789457249705,252.609612684429,2,4,7,56,136.492791661317,56,9450
BR0391,t3_0_c01179,3106650.000000000000,par_factible,BR0020|BR0336,3.000000000000,392.579922309114,270.660762454932,193.633529189483,398.579922309114,276.660762454932,199.633529189483,2,4,9,72,137.663746815829,72,3106650
BR0392,t3_0_c01885,70950.000000000000,par_factible,BR0036|BR0146,3.000000000000,393.555692758424,293.708720516100,173.217411522359,399.555692758424,299.708720516100,179.217411522359,2,4,10,80,142.561550744522,80,70950
BR0393,t3_0_c01179,40200.000000000000,par_factible,BR0020|BR0336,3.000000000000,392.579922309114,270.660762454932,193.633529189483,398.579922309114,276.660762454932,199.633529189483,2,4,9,72,137.663746815829,72,40200
BR0394,t3_0_c01227,51900.000000000000,par_factible,BR0021|BR0263,3.000000000000,392.923182925887,233.764106382225,205.787060256844,398.923182925887,239.764106382225,211.787060256844,2,5,8,80,130.211474626145,80,51900
BR0395,t3_0_c01912,422550.000000000000,par_factible,BR0036|BR0324,3.000000000000,392.816671857971,263.672587953179,173.323471288646,398.816671857971,269.672587953179,179.323471288646,2,4,10,80,136.287309530328,80,422550
BR0396,t3_0_c03763,1256250.000000000000,par_factible,BR0120|BR0184,3.000000000000,393.846318385460,293.882265270826,206.352365791362,399.846318385460,299.882265270826,212.352365791362,2,4,8,64,142.656182829562,64,1256250
BR0397,t3_0_c00244,1135200.000000000000,optima_individual,BR0283,3.000000000000,393.987041795387,293.989934108923,218.995748919131,399.987041795387,299.989934108923,224.995748919131,2,4,8,64,142.706823450467,64,1135200
BR0398,t3_0_c03763,166950.000000000000,par_factible,BR0120|BR0184,3.000000000000,393.846318385460,293.882265270826,206.352365791362,399.846318385460,299.882265270826,212.352365791362,2,4,8,64,142.656182829562,64,166950
BR0399,t3_0_c00012,81750.000000000000,optima_individual,BR0007,3.000000000000,393.879450675377,293.913580311683,293.899489682015,399.879450675377,299.913580311683,299.899489682015,2,4,6,48,142.669321938660,48,81750
BR0400,t3_0_c00012,53850.000000000000,optima_individual,BR0007,3.000000000000,393.879450675377,293.913580311683,293.899489682015,399.879450675377,299.913580311683,299.899489682015,2,4,6,48,142.669321938660,48,53850
BR0401,t3_0_c03763,49650.000000000000,par_factible,BR0120|BR0184,3.000000000000,393.846318385460,293.882265270826,206.352365791362,399.846318385460,299.882265270826,212.352365791362,2,4,8,64,142.656182829562,64,49650
BR0402,t3_0_c01906,30450.000000000000,par_factible,BR0036|BR0286,3.000000000000,393.789976507924,292.399264052730,172.172392210324,399.789976507924,298.399264052730,178.172392210324,2,4,10,80,142.342351416669,80,30450
BR0403,t3_0_c00320,900.000000000000,optima_individual,BR0403,3.000000000000,389.167844752098,232.941435956593,333.191482056045,395.167844752098,238.941435956593,339.191482056045,2,5,5,50,129.278139548950,50,900
BR0404,t3_0_c02927,900.000000000000,par_factible,BR0089|BR0153,3.000000000000,393.707692424025,263.789457249705,246.609612684429,399.707692424025,269.789457249705,252.609612684429,2,4,7,56,136.492791661317,56,900
BR0405,t3_0_c01885,750.000000000000,par_factible,BR0036|BR0146,3.000000000000,393.555692758424,293.708720516100,173.217411522359,399.555692758424,299.708720516100,179.217411522359,2,4,10,80,142.561550744522,80,750
BR0406,t3_0_c00012,1050.000000000000,optima_individual,BR0007,3.000000000000,393.879450675377,293.913580311683,293.899489682015,399.879450675377,299.913580311683,299.899489682015,2,4,6,48,142.669321938660,48,1050
BR0407,t3_0_c00215,5250.000000000000,optima_individual,BR0238,3.000000000000,393.693335084587,293.762924302295,251.100144978147,399.693335084587,299.762924302295,257.100144978147,2,4,7,56,142.600663101390,56,5250
BR0408,t3_0_c00012,1050.000000000000,optima_individual,BR0007,3.000000000000,393.879450675377,293.913580311683,293.899489682015,399.879450675377,299.913580311683,299.899489682015,2,4,6,48,142.669321938660,48,1050
BR0409,t3_0_c02927,900.000000000000,par_factible,BR0089|BR0153,3.000000000000,393.707692424025,263.789457249705,246.609612684429,399.707692424025,269.789457249705,252.609612684429,2,4,7,56,136.492791661317,56,900
BR0410,t3_0_c04025,15450.000000000000,par_factible,BR0134|BR0399,3.000000000000,393.403325358649,293.531366951489,284.889912118574,399.403325358649,299.531366951489,290.889912118574,2,4,6,48,142.494329345727,48,15450
BR0411,t3_0_c03328,7050.000000000000,par_factible,BR0103|BR0281,3.000000000000,393.464172072871,293.587905218947,213.748735251768,399.464172072871,299.587905218947,219.748735251768,2,4,8,64,142.518261044097,64,7050
BR0412,t3_0_c00244,5850.000000000000,optima_individual,BR0283,3.000000000000,393.987041795387,293.989934108923,218.995748919131,399.987041795387,299.989934108923,224.995748919131,2,4,8,64,142.706823450467,64,5850
BR0413,t3_0_c04534,5400.000000000000,par_factible,BR0151|BR0371,3.000000000000,393.288142989791,293.489681815439,243.106387964785,399.288142989791,299.489681815439,249.106387964785,2,4,7,56,142.462348203354,56,5400
BR0414,t3_0_c01885,750.000000000000,par_factible,BR0036|BR0146,3.000000000000,393.555692758424,293.708720516100,173.217411522359,399.555692758424,299.708720516100,179.217411522359,2,4,10,80,142.561550744522,80,750
BR0415,t3_0_c05349,900.000000000000,par_factible,BR0239|BR0339,3.000000000000,392.065471387297,233.576210143892,262.412056686635,398.065471387297,239.576210143892,268.412056686635,2,5,6,60,129.998302808312,60,900
BR0416,t3_0_c01885,750.000000000000,par_factible,BR0036|BR0146,3.000000000000,393.555692758424,293.708720516100,173.217411522359,399.555692758424,299.708720516100,179.217411522359,2,4,10,80,142.561550744522,80,750
BR0417,t3_0_c02055,6000.000000000000,par_factible,BR0048|BR0132,3.000000000000,393.644347892194,233.933489959603,244.374334885580,399.644347892194,239.933489959603,250.374334885580,2,5,7,70,130.393033960452,70,6000
BR0418,t3_0_c02055,8550.000000000000,par_factible,BR0048|BR0132,3.000000000000,393.644347892194,233.933489959603,244.374334885580,399.644347892194,239.933489959603,250.374334885580,2,5,7,70,130.393033960452,70,8550
BR0419,t3_0_c01622,90300.000000000000,par_factible,BR0030|BR0148,3.000000000000,393.468921280580,293.587465495001,182.826054131300,399.468921280580,299.587465495001,188.826054131300,2,4,9,72,142.519139634050,72,90300
BR0420,t3_0_c01179,429000.000000000000,par_factible,BR0020|BR0336,3.000000000000,392.579922309114,270.660762454932,193.633529189483,398.579922309114,276.660762454932,199.633529189483,2,4,9,72,137.663746815829,72,429000
BR0421,t3_0_c03395,341850.000000000000,par_factible,BR0106|BR0125,3.000000000000,393.679803576818,271.143676591170,214.833582632121,399.679803576818,277.143676591170,220.833582632121,2,4,8,64,137.986437007085,64,341850
