"id_sencillo","caja_tipo_id","caja_grosor_mm","caja_interior_largo","caja_interior_ancho","caja_interior_alto","caja_exterior_largo","caja_exterior_ancho","caja_exterior_alto","pallet_alto","pallet_ancho","pallet_largo","cantidad_cajas_alto","cantidad_cajas_largo","cantidad_cajas_ancho","cantidad_cajas_total","utilizacion","volumen_interior_caja_mm3","volumen_exterior_caja_mm3","volumen_pallet_mm3","perimetro_caja_m","headspace_max_pct","ect_n_m","carga_max_kg"
1,"02cf77de65b70dd77905e2e33d78478f",2.7,395,296,291,400,301.4,296.4,1800,800,1200,6,2,3,36,0.744458,34023720,35733984,1728000000,1.4028,0.06,730,104.387767584098
2,"082c1cdb42b1abd201403ca33ca11ef0",4.1,383,248,189,391.2,256.2,197.2,1800,800,1200,9,2,4,72,0.823519032,17951976,19764456.768,1728000000,1.2948,0.08,1200,158.385321100917
3,"0835ff365412a67b720a19713ec250f3",4.1,386,286,278,394.2,294.2,286.2,1800,800,1200,6,2,4,48,0.921990438,30690088,33191655.768,1728000000,1.3768,0.08,1200,168.415902140673
4,"0b72571a5bb7429ce7de424547e8d27d",4.1,386,286,174,394.2,294.2,182.2,1800,800,1200,9,2,4,72,0.880433217,19208904,21130397.208,1728000000,1.3768,0.08,1200,168.415902140673
5,"10c5f9edbe2c87186bcdeb991fe8d902",4.6,380,252,228,389.2,261.2,237.2,1800,800,1200,7,2,4,56,0.78145680562963,21833280,24113524.288,1728000000,1.3008,0.1,1450,192.269113149847
6,"116dda17a7b7fb82c62f462ef4a94218",4.1,386,286,164,394.2,294.2,172.2,1800,800,1200,10,2,4,80,0.92456763,18104944,19970660.808,1728000000,1.3768,0.08,1200,168.415902140673
7,"11b35a29e8327acfb5f714e16d96040c",4.1,379,268,363,387.2,276.2,371.2,1800,800,1200,4,2,4,32,0.735145377185185,36870636,39697850.368,1728000000,1.3268,0.08,1200,162.299694189602
8,"125888817c4da192ce9335454b8d4432",4.8,379,281,271,388.6,290.6,280.6,1800,800,1200,6,2,4,48,0.880204474888889,28861229,31687361.096,1728000000,1.3584,0.1,1550,214.62996941896
9,"1333ec917a8a6111a3fac88649307892",4.6,380,287,219,389.2,296.2,228.2,1800,800,1200,7,2,4,56,0.852545987481481,23884140,26307133.328,1728000000,1.3708,0.1,1450,202.615698267074
10,"1416893384452893b004453859dc1ae4",4.1,383,248,239,391.2,256.2,247.2,1800,800,1200,7,2,4,56,0.802917136,22701176,24775728.768,1728000000,1.2948,0.08,1200,158.385321100917
11,"161332db17a4c8bcba8a5651098cbe91",4.1,388,288,189,396.2,296.2,197.2,1800,800,1200,9,2,4,72,0.964262315333333,21119616,23142295.568,1728000000,1.3848,0.08,1200,169.394495412844
12,"162c41fa859810e889efa37f867819bb",2.7,395,296,214,400,301.4,219.4,1800,800,1200,8,2,3,48,0.734746222222222,25020880,26450864,1728000000,1.4028,0.06,730,104.387767584098
13,"170f5916eaeb0e271ae012eedb1ad645",4.1,386,286,298,394.2,294.2,306.2,1800,800,1200,5,2,4,40,0.822016865,32898008,35511128.568,1728000000,1.3768,0.08,1200,168.415902140673
14,"1a3ffa8018de4637afcdd1e390e2602a",4.1,383,248,199,391.2,256.2,207.2,1800,800,1200,8,2,4,64,0.769137450666667,18901816,20766711.168,1728000000,1.2948,0.08,1200,158.385321100917
15,"1aef9680c5b131e489d3ac61e5ace43f",4.8,384,286,148,393.6,295.6,157.6,1800,800,1200,11,2,4,88,0.933801713777778,16253952,18336470.016,1728000000,1.3784,0.1,1550,217.79001019368
16,"1c01c33ced1f5bfdb36a399ac98e0c68",4.1,383,248,214,391.2,256.2,222.2,1800,800,1200,8,2,4,64,0.824818250666666,20326576,22270092.768,1728000000,1.2948,0.08,1200,158.385321100917
17,"1cbc364190e4feb6cfbe064584c400ab",4.1,383,248,224,391.2,256.2,232.2,1800,800,1200,7,2,4,56,0.754196436,21276416,23272347.168,1728000000,1.2948,0.08,1200,158.385321100917
18,"1d004a15dfa567347fd4f43b42afd3a4",2.7,395,296,163,400,301.4,168.4,1800,800,1200,10,2,3,60,0.704941111111111,19057960,20302304,1728000000,1.4028,0.06,730,104.387767584098
19,"1e4959b0a5703ba491bdc303578ad11c",2.7,393,255,168,398.4,260.4,173.4,1800,800,1200,10,2,4,80,0.83282864,16836120,17989098.624,1728000000,1.3176,0.06,730,98.0477064220183
20,"1e68edd4dd3edf793634e204ec225c3b",4.8,380,282,215,389.6,291.6,224.6,1800,800,1200,8,2,4,64,0.945044928,23039400,25516213.056,1728000000,1.3624,0.1,1550,215.261977573904
21,"1f3654aef5539d7393e1c6a4a8be552f",4.6,383,285,206,392.2,294.2,215.2,1800,800,1200,8,2,4,64,0.919663098074074,22485930,24830903.648,1728000000,1.3728,0.1,1450,202.911314984709
22,"1fe6b9010b30d1d429fc0c7a240159aa",2.7,395,296,255,400,301.4,260.4,1800,800,1200,6,2,3,36,0.654038,29814600,31393824,1728000000,1.4028,0.06,730,104.387767584098
23,"2060590a59a5c59ff1bb32dbffe1028b",4.1,386,286,288,394.2,294.2,296.2,1800,800,1200,6,2,4,48,0.954205338,31794048,34351392.168,1728000000,1.3768,0.08,1200,168.415902140673
24,"225c1760c0e9639bbb73f58d280b7a0e",2.7,393,294,224,398.4,299.4,229.4,1800,800,1200,7,2,4,56,0.886765581333333,25881408,27363052.224,1728000000,1.3956,0.06,730,103.851987767584
25,"228ba4e5ea3c7574cbd9ce77434d4525",4.8,380,282,185,389.6,291.6,194.6,1800,800,1200,9,2,4,72,0.921166344,19824600,22107992.256,1728000000,1.3624,0.1,1550,215.261977573904
26,"2358aed8ccfb64eb89ff5dcd9e30de7d",2.7,395,296,352,400,301.4,357.4,1800,800,1200,5,2,3,30,0.748058055555555,41155840,43088144,1728000000,1.4028,0.06,730,104.387767584098
27,"2361696c0cf9b4a8490d7098c11e6a51",2.7,393,255,250,398.4,260.4,255.4,1800,800,1200,7,2,4,56,0.858668421333333,25053750,26496054.144,1728000000,1.3176,0.06,730,98.0477064220183
28,"25a862538c3d2488d1284dc2bd9244f3",2.7,395,296,204,400,301.4,209.4,1800,800,1200,8,2,3,48,0.701257333333333,23851680,25245264,1728000000,1.4028,0.06,730,104.387767584098
29,"25b51ca97d24c6dd7fdc2fd6f9551dac",4.6,380,252,144,389.2,261.2,153.2,1800,800,1200,11,2,4,88,0.793128769481481,13789440,15574164.928,1728000000,1.3008,0.1,1450,192.269113149847
30,"27cfee279bf2517d910cfab7c0b51213",4.1,386,286,204,394.2,294.2,212.2,1800,800,1200,8,2,4,64,0.911466904,22520784,24609606.408,1728000000,1.3768,0.08,1200,168.415902140673
31,"27f597341f2223c1757e942d65f52be3",4.1,386,286,162,394.2,294.2,170.2,1800,800,1200,10,2,4,80,0.91382933,17884152,19738713.528,1728000000,1.3768,0.08,1200,168.415902140673
32,"3068e6f2a2ce79314e458b7a6ab57b4d",4.1,388,288,144,396.2,296.2,152.2,1800,800,1200,11,2,4,88,0.909605571518518,16091136,17861345.768,1728000000,1.3848,0.08,1200,169.394495412844
33,"3249c6671a2e400c91ae940376aa4946",4.1,388,288,268,396.2,296.2,276.2,1800,800,1200,6,2,4,48,0.900369342444444,29947392,32413296.328,1728000000,1.3848,0.08,1200,169.394495412844
34,"3256a5fed07b421a92abee44a3d93243",2.7,395,296,260,400,301.4,265.4,1800,800,1200,6,2,3,36,0.666596333333333,30399200,31996624,1728000000,1.4028,0.06,730,104.387767584098
35,"32afd4b4cbf80746743543d141a1b52c",2.7,395,296,235,400,301.4,240.4,1800,800,1200,7,2,3,42,0.704438777777778,27476200,28982624,1728000000,1.4028,0.06,730,104.387767584098
36,"3479d784dc4ed4c42784cabde22ac149",4.1,383,248,248,391.2,256.2,256.2,1800,800,1200,7,2,4,56,0.832149556,23556032,25677757.728,1728000000,1.2948,0.08,1200,158.385321100917
37,"34dbd33aabcf7123c6ee197304f6312d",2.7,395,245,230,400,250.4,235.4,1800,800,1200,7,2,4,56,0.764090962962963,22258250,23577664,1728000000,1.3008,0.06,730,96.7975535168196
38,"35174969e008414733b7133a380c2f8c",4.5,391,255,240,400,264,249,1800,800,1200,7,2,4,56,0.852133333333333,23929200,26294400,1728000000,1.328,0.08,1400,189.520897043833
39,"3665e3bea9deb6de2f6ad8e308473be4",4.8,380,282,212,389.6,291.6,221.6,1800,800,1200,8,2,4,64,0.932421888,22717920,25175390.976,1728000000,1.3624,0.1,1550,215.261977573904
40,"37070e9f43f02e356af14131f16a3112",2.7,393,255,245,398.4,260.4,250.4,1800,800,1200,7,2,4,56,0.841858154666667,24552675,25977337.344,1728000000,1.3176,0.06,730,98.0477064220183
41,"371bc8e13ebaec61128f288334956fa5",4.5,391,255,230,400,264,239,1800,800,1200,7,2,4,56,0.817911111111111,22932150,25238400,1728000000,1.328,0.08,1400,189.520897043833
42,"3826faf22304dbe5bef22f8c36155874",2.7,393,255,224,398.4,260.4,229.4,1800,800,1200,7,2,4,56,0.771255034666667,22448160,23798726.784,1728000000,1.3176,0.06,730,98.0477064220183
43,"3b9cad8a30970ffa68683f11cb2734ba",4.1,383,248,184,391.2,256.2,192.2,1800,800,1200,9,2,4,72,0.802638732,17477056,19263329.568,1728000000,1.2948,0.08,1200,158.385321100917
44,"3bbb0a264f46985b05693bd22a6944d3",4.6,381,283,188,390.2,292.2,197.2,1800,800,1200,9,2,4,72,0.936835082,20270724,22484041.968,1728000000,1.3648,0.1,1450,201.728848114169
45,"3cdb44bb6e06ba2151d665a0c599b894",2.7,395,296,173,400,301.4,178.4,1800,800,1200,10,2,3,60,0.746802222222222,20227160,21507904,1728000000,1.4028,0.06,730,104.387767584098
46,"3ee40e049bab5e95db9b552be527cd7d",4.8,380,282,261,389.6,291.6,270.6,1800,800,1200,6,2,4,48,0.853948656,27968760,30742151.616,1728000000,1.3624,0.1,1550,215.261977573904
47,"3ef63ea58bdc563a0f889a62b3874119",2.7,393,255,148,398.4,260.4,153.4,1800,800,1200,11,2,4,88,0.810446970666667,14831820,15914231.424,1728000000,1.3176,0.06,730,98.0477064220183
48,"3f4b03b56bb388655f2cb1495b69f5d7",4.1,388,288,278,396.2,296.2,286.2,1800,800,1200,6,2,4,48,0.932967798,31064832,33586840.728,1728000000,1.3848,0.08,1200,169.394495412844
49,"414d4cf5c1bc8a346f7e4445ede7acbd",4.1,386,286,229,394.2,294.2,237.2,1800,800,1200,7,2,4,56,0.891493666,25280684,27508947.408,1728000000,1.3768,0.08,1200,168.415902140673
50,"4472825c5f9816d7befa089cf8451878",4.1,383,248,318,391.2,256.2,326.2,1800,800,1200,5,2,4,40,0.756794873333333,30204912,32693538.528,1728000000,1.2948,0.08,1200,158.385321100917
51,"457aead6b645a6fdaad21f23a4e8ca12",2.7,393,255,265,398.4,260.4,270.4,1800,800,1200,6,2,4,48,0.779227904,26556975,28052204.544,1728000000,1.3176,0.06,730,98.0477064220183
52,"48d2fa87ef6ac189e633680672b6132e",4.1,386,286,199,394.2,294.2,207.2,1800,800,1200,8,2,4,64,0.889990304,21968804,24029738.208,1728000000,1.3768,0.08,1200,168.415902140673
53,"4910b652fb2cf1c609d243a1e78d1919",4.1,386,286,217,394.2,294.2,225.2,1800,800,1200,7,2,4,56,0.846392806,23955932,26117263.728,1728000000,1.3768,0.08,1200,168.415902140673
54,"4989f7c44b56191eebb2c0b95763c0db",2.7,395,296,250,400,301.4,255.4,1800,800,1200,7,2,3,42,0.748392944444444,29230000,30791024,1728000000,1.4028,0.06,730,104.387767584098
55,"4b244c7cfb71e51bf24fcc396d19c509",2.7,393,250,168,398.4,255.4,173.4,1800,800,1200,10,2,4,80,0.816837306666667,16506000,17643685.824,1728000000,1.3076,0.06,730,97.3035677879714
56,"4c00c9ca639e09b29ebaf3d4ce15c111",2.7,395,296,148,400,301.4,153.4,1800,800,1200,11,2,3,66,0.706364388888889,17304160,18493904,1728000000,1.4028,0.06,730,104.387767584098
57,"4d0dc68792c8a76defd00faaff677665",4.6,379,281,289,388.2,290.2,298.2,1800,800,1200,6,2,4,48,0.933164218,30778211,33593911.848,1728000000,1.3568,0.1,1450,200.546381243629
58,"4e08f8e3d25dca0ebe2ef18b5cff3f24",4.8,380,282,305,389.6,291.6,314.6,1800,800,1200,5,2,4,40,0.82733508,32683800,35740875.456,1728000000,1.3624,0.1,1550,215.261977573904
59,"4e4ab9c5dd0e741b2d59dd243d6a270a",4.6,383,285,226,392.2,294.2,235.2,1800,800,1200,7,2,4,56,0.879491940444444,24669030,27138608.448,1728000000,1.3728,0.1,1450,202.911314984709
60,"4f08f853cf7f9be28571df66a50bc322",4.1,388,288,164,396.2,296.2,172.2,1800,800,1200,10,2,4,80,0.935575674444444,18326016,20208434.568,1728000000,1.3848,0.08,1200,169.394495412844
61,"4f15606db1c337e2b9460243b25326d4",4.1,379,268,358,387.2,276.2,366.2,1800,800,1200,4,2,4,32,0.725243095703704,36362776,39163127.168,1728000000,1.3268,0.08,1200,162.299694189602
62,"519a80871f454928779db9ed3e039e2b",4.8,380,282,167,389.6,291.6,176.6,1800,800,1200,10,2,4,80,0.92884536,17895720,20063059.776,1728000000,1.3624,0.1,1550,215.261977573904
63,"5229dfb764d843b66341f7ca5cdec3dd",4.1,388,288,214,396.2,296.2,222.2,1800,800,1200,8,2,4,64,0.965783576592592,23913216,26076156.568,1728000000,1.3848,0.08,1200,169.394495412844
64,"5291917030874f6b0d887d1710a073f8",4.6,380,252,226,389.2,261.2,235.2,1800,800,1200,7,2,4,56,0.774867793777778,21641760,23910206.208,1728000000,1.3008,0.1,1450,192.269113149847
65,"537ef1ac28efdb45dee0d50d3e1f8274",4.8,380,282,251,389.6,291.6,260.6,1800,800,1200,6,2,4,48,0.822391056,26897160,29606078.016,1728000000,1.3624,0.1,1550,215.261977573904
66,"55b52b97c05b19dbbbefa191622fe36a",4.1,386,286,179,394.2,294.2,187.2,1800,800,1200,9,2,4,72,0.904594392,19760884,21710265.408,1728000000,1.3768,0.08,1200,168.415902140673
67,"563a3fa61d441769163b35905be8987d",4.1,383,248,234,391.2,256.2,242.2,1800,800,1200,7,2,4,56,0.786676902666667,22226256,24274601.568,1728000000,1.2948,0.08,1200,158.385321100917
68,"5752498adef915345dabc54b32edf146",2.7,395,296,219,400,301.4,224.4,1800,800,1200,8,2,3,48,0.751490666666667,25605480,27053664,1728000000,1.4028,0.06,730,104.387767584098
69,"584c93c412f45cd05fb6c4c753038aa1",4.6,379,285,289,388.2,294.2,298.2,1800,800,1200,6,2,4,48,0.946026578,31216335,34056956.808,1728000000,1.3648,0.1,1450,201.728848114169
70,"5914abeae491eab8612131985b15994f",4.1,386,286,239,394.2,294.2,247.2,1800,800,1200,7,2,4,56,0.929077716,26384644,28668683.808,1728000000,1.3768,0.08,1200,168.415902140673
71,"5a779fb14ea37232001ecf933514d159",2.7,395,296,189,400,301.4,194.4,1800,800,1200,9,2,3,54,0.732402,22097880,23436864,1728000000,1.4028,0.06,730,104.387767584098
72,"5c09a821f787019adf0ee74c5cc31985",4.1,385,255,318,393.2,263.2,326.2,1800,800,1200,5,2,4,40,0.781447136296296,31219650,33758516.288,1728000000,1.3128,0.08,1200,160.587155963303
73,"5de73c5764aabd7851aff9fdd3125d98",4.7,385,285,170,394.4,294.4,179.4,1800,800,1200,10,2,4,80,0.964369351111111,18653250,20830377.984,1728000000,1.3776,0.1,1500,210.642201834862
74,"5e09543a8b7a6614f447c98559a39851",2.7,395,296,178,400,301.4,183.4,1800,800,1200,9,2,3,54,0.6909595,20811760,22110704,1728000000,1.4028,0.06,730,104.387767584098
75,"5e55b0f0e0122b55ba8d4d91fb921c5a",4.5,391,292,316,400,301,325,1800,800,1200,5,2,3,30,0.679340277777778,36078352,39130000,1728000000,1.402,0.08,1400,200.081549439348
76,"600cd59259a79d7fa6a1bffb6451bb8a",4.1,386,286,219,394.2,294.2,227.2,1800,800,1200,7,2,4,56,0.853909616,24176724,26349211.008,1728000000,1.3768,0.08,1200,168.415902140673
77,"60eb77c934f99a121f410ec2037a2a46",2.7,395,296,306,400,301.4,311.4,1800,800,1200,5,2,3,30,0.6517775,35777520,37542384,1728000000,1.4028,0.06,730,104.387767584098
78,"60f9d051a89c1302333f9987840f1831",4.1,385,255,328,393.2,263.2,336.2,1800,800,1200,5,2,4,40,0.80540321037037,32201400,34793418.688,1728000000,1.3128,0.08,1200,160.587155963303
79,"614801e8bbdec32546c0d92055dfb596",4.1,388,288,194,396.2,296.2,202.2,1800,800,1200,8,2,4,64,0.878854361777778,21678336,23729067.768,1728000000,1.3848,0.08,1200,169.394495412844
80,"6317bf81cd9d3fe0f209963e7fd234f7",4.8,380,282,172,389.6,291.6,181.6,1800,800,1200,9,2,4,72,0.859629024,18431520,20631096.576,1728000000,1.3624,0.1,1550,215.261977573904
81,"631adf6ff70b5781bcd77a8f20a140e0",4.1,386,286,192,394.2,294.2,200.2,1800,800,1200,8,2,4,64,0.859923064,21196032,23217922.728,1728000000,1.3768,0.08,1200,168.415902140673
82,"63849e2a342c002e41cdca735b7ffa35",4.6,381,283,229,390.2,292.2,238.2,1800,800,1200,7,2,4,56,0.880143574333333,24691467,27158716.008,1728000000,1.3648,0.1,1450,201.728848114169
83,"6606e81b2f59d36618cddb9ed77287c3",2.7,393,255,199,398.4,260.4,204.4,1800,800,1200,8,2,4,64,0.785375658666667,19942785,21205142.784,1728000000,1.3176,0.06,730,98.0477064220183
84,"67894c5a8355ca9b7e57b96362fa45f1",4.1,388,288,169,396.2,296.2,177.2,1800,800,1200,10,2,4,80,0.962741054074074,18884736,20795206.768,1728000000,1.3848,0.08,1200,169.394495412844
85,"689d55a5924317429c37f70116fcf10b",2.7,393,255,275,398.4,260.4,280.4,1800,800,1200,6,2,4,48,0.808045504,27559125,29089638.144,1728000000,1.3176,0.06,730,98.0477064220183
86,"6a29db0cef2137d2bb15a27d61f064bd",2.7,393,255,270,398.4,260.4,275.4,1800,800,1200,6,2,4,48,0.793636704,27058050,28570921.344,1728000000,1.3176,0.06,730,98.0477064220183
87,"6bd5fa9e984e7243519003fc969aa30d",4.1,386,286,244,394.2,294.2,252.2,1800,800,1200,7,2,4,56,0.947869741,26936624,29248552.008,1728000000,1.3768,0.08,1200,168.415902140673
88,"6bf7838d3709d8f15fdad06ed6484d8e",2.5,393,255,260,398,260,265,1800,800,1200,6,2,4,48,0.761727777777778,26055900,27422200,1728000000,1.316,0.06,600,80.4892966360856
89,"6d3b65a1af8cc152d64aed67c4b13230",4.6,383,285,191,392.2,294.2,200.2,1800,800,1200,8,2,4,64,0.855560186962963,20848605,23100125.048,1728000000,1.3728,0.1,1450,202.911314984709
90,"6d3c3bcdfc4034e3424078243e7668a1",4.1,386,286,286,394.2,294.2,294.2,1800,800,1200,6,2,4,48,0.947762358,31573256,34119444.888,1728000000,1.3768,0.08,1200,168.415902140673
91,"6d5c1314ab281dbdd56dc5dde84579b9",2.7,395,296,245,400,301.4,250.4,1800,800,1200,7,2,3,42,0.733741555555556,28645400,30188224,1728000000,1.4028,0.06,730,104.387767584098
92,"6e24cdcd39a5b66463bacc58cc283eb7",4.1,388,288,227,396.2,296.2,235.2,1800,800,1200,7,2,4,56,0.894501620444444,25365888,27601764.288,1728000000,1.3848,0.08,1200,169.394495412844
93,"6f0bc5eabea0d399e9342acf41bcb33b",2.7,395,296,194,400,301.4,199.4,1800,800,1200,9,2,3,54,0.7512395,22682480,24039664,1728000000,1.4028,0.06,730,104.387767584098
94,"72188210fb21e6ddf6d4aba9a9301c48",4.1,388,288,239,396.2,296.2,247.2,1800,800,1200,7,2,4,56,0.940139458222222,26706816,29010017.568,1728000000,1.3848,0.08,1200,169.394495412844
95,"74199034c698427710e01bb0d15604d8",2.7,393,255,173,398.4,260.4,178.4,1800,800,1200,10,2,4,80,0.856843306666667,17337195,18507815.424,1728000000,1.3176,0.06,730,98.0477064220183
96,"746ba2b15e87d0070b74ecc07f6ca350",4.1,388,288,229,396.2,296.2,237.2,1800,800,1200,7,2,4,56,0.902107926740741,25589376,27836473.168,1728000000,1.3848,0.08,1200,169.394495412844
97,"76707310f2a6b601d4f7815c21f6e7bd",2.7,393,297,257,398.4,302.4,262.4,1800,800,1200,6,2,3,36,0.658603008,29997297,31612944.384,1728000000,1.4016,0.06,730,104.298470948012
98,"78476d2a5588a720c7742ab9b866c42e",2.7,393,255,286,398.4,260.4,291.4,1800,800,1200,6,2,4,48,0.839744864,28661490,30230815.104,1728000000,1.3176,0.06,730,98.0477064220183
99,"79637c70988d89fe3abe191b59c1ed0c",4.1,388,288,219,396.2,296.2,227.2,1800,800,1200,7,2,4,56,0.864076395259259,24471936,26662928.768,1728000000,1.3848,0.08,1200,169.394495412844
100,"7a36a62f118b7544b9313b676a30ea35",4.1,388,288,199,396.2,296.2,207.2,1800,800,1200,8,2,4,64,0.900586665481481,22237056,24315839.968,1728000000,1.3848,0.08,1200,169.394495412844
101,"8044f4664ac51a293ecacbd7a3d0fb38",4.8,380,282,210,389.6,291.6,219.6,1800,800,1200,8,2,4,64,0.924006528,22503600,24948176.256,1728000000,1.3624,0.1,1550,215.261977573904
102,"83d3c7c10fbc6fe2e476fd8c600855e2",2.7,393,255,194,398.4,260.4,199.4,1800,800,1200,9,2,4,72,0.861934416,19441710,20686425.984,1728000000,1.3176,0.06,730,98.0477064220183
103,"845990194eeb50cd131954a55fecd655",2.5,395,264,330,400,269,335,1800,800,1200,5,2,4,40,0.834398148148148,34412400,36046000,1728000000,1.338,0.06,600,81.8348623853211
104,"8850d576186653964c356b848cd2153a",4.1,386,286,194,394.2,294.2,202.2,1800,800,1200,8,2,4,64,0.868513704,21416824,23449870.008,1728000000,1.3768,0.08,1200,168.415902140673
105,"8b92b5a6728066959f3f11c35d1cd62f",4.6,380,252,218,389.2,261.2,227.2,1800,800,1200,7,2,4,56,0.74851174637037,20875680,23096933.888,1728000000,1.3008,0.1,1450,192.269113149847
106,"8f26468860664ecfed551104179d7f3e",4.1,386,286,318,394.2,294.2,326.2,1800,800,1200,5,2,4,40,0.875708365,35105928,37830601.368,1728000000,1.3768,0.08,1200,168.415902140673
107,"8f61ca662a88d3f0432d0d6a0cfbf2ee",4.1,383,248,179,391.2,256.2,187.2,1800,800,1200,9,2,4,72,0.781758432,17002136,18762202.368,1728000000,1.2948,0.08,1200,158.385321100917
108,"8f6cdeebd6a09f639e27ef1cbb567311",4.1,383,248,154,391.2,256.2,162.2,1800,800,1200,11,2,4,88,0.827880694666667,14627536,16256566.368,1728000000,1.2948,0.08,1200,158.385321100917
109,"8ff369b05ce8c21076793bc345e6ec1e",4.1,383,248,268,391.2,256.2,276.2,1800,800,1200,6,2,4,48,0.768951848,25455712,27682266.528,1728000000,1.2948,0.08,1200,158.385321100917
110,"952d7cb277c22fee189451276b46d536",4.1,388,288,179,396.2,296.2,187.2,1800,800,1200,9,2,4,72,0.915364632,20002176,21968751.168,1728000000,1.3848,0.08,1200,169.394495412844
111,"963709ce03639618149be23f8bb82ece",4.1,383,248,253,391.2,256.2,261.2,1800,800,1200,6,2,4,48,0.727191248,24030952,26178884.928,1728000000,1.2948,0.08,1200,158.385321100917
112,"9a88ed4806deaa5c9b3abac82886d23a",4.1,386,286,184,394.2,294.2,192.2,1800,800,1200,9,2,4,72,0.928755567,20312864,22290133.608,1728000000,1.3768,0.08,1200,168.415902140673
113,"9bad717e71278467a7e45ca1001c12ee",4.1,384,286,179,392.2,294.2,187.2,1800,800,1200,9,2,4,72,0.900004872,19658496,21600116.928,1728000000,1.3728,0.08,1200,167.926605504587
114,"9c72b7ef9f82b991ef05900066e9dc1b",4.8,380,282,271,389.6,291.6,280.6,1800,800,1200,6,2,4,48,0.885506256,29040360,31878225.216,1728000000,1.3624,0.1,1550,215.261977573904
115,"9d44d480026dfab07731a73d1d0c6539",4.1,388,288,283,396.2,296.2,291.2,1800,800,1200,6,2,4,48,0.949267025777778,31623552,34173612.928,1728000000,1.3848,0.08,1200,169.394495412844
116,"9dbb448086386afae3321dda0441c688",2.7,393,255,230,398.4,260.4,235.4,1800,800,1200,7,2,4,56,0.791427354666667,23049450,24421186.944,1728000000,1.3176,0.06,730,98.0477064220183
117,"a053806f0b23db27a17e90bf971c8a62",4.1,386,286,273,394.2,294.2,281.2,1800,800,1200,6,2,4,48,0.905882988,30138108,32611787.568,1728000000,1.3768,0.08,1200,168.415902140673
118,"a12aea41ad9864b83129274495d5d5b2",4.1,388,288,184,396.2,296.2,192.2,1800,800,1200,9,2,4,72,0.939813473666667,20560896,22555523.368,1728000000,1.3848,0.08,1200,169.394495412844
119,"a130566667d4be7bb38053adaefea0af",2.7,393,255,204,398.4,260.4,209.4,1800,800,1200,8,2,4,64,0.804587392,20443860,21723859.584,1728000000,1.3176,0.06,730,98.0477064220183
120,"a1c08078a73de9700accb1bfa9d293be",2.7,395,292,245,400,297.4,250.4,1800,800,1200,7,2,4,56,0.96533837037037,28258300,29787584,1728000000,1.3948,0.06,730,103.79245667686
121,"a231d37bbfd765b2d130853c472c6f8c",4.8,379,246,212,388.6,255.6,221.6,1800,800,1200,8,2,4,64,0.815210261333333,19765608,22010677.056,1728000000,1.2884,0.1,1550,203.569826707441
122,"a23eeef1c0cd8cfd40b780d65382034a",4.1,386,286,303,394.2,294.2,311.2,1800,800,1200,5,2,4,40,0.83543974,33449988,36090996.768,1728000000,1.3768,0.08,1200,168.415902140673
123,"a2c4cc4e764be062aaefa64a99695dbe",2.7,395,296,301,400,301.4,306.4,1800,800,1200,5,2,3,30,0.641312222222222,35192920,36939584,1728000000,1.4028,0.06,730,104.387767584098
124,"a49d6ed97efd5ce792072d9ef9acf630",4.6,378,245,235,387.2,254.2,244.2,1800,800,1200,7,2,4,56,0.778934327111111,21763350,24035687.808,1728000000,1.2828,0.1,1450,189.608562691131
125,"a555028b9dc4a080d444d0af6464279d",4.1,386,286,201,394.2,294.2,209.2,1800,800,1200,8,2,4,64,0.898580944,22189596,24261685.488,1728000000,1.3768,0.08,1200,168.415902140673
126,"a699f7e10a026261e599215bbbee0cbc",4.8,380,282,202,389.6,291.6,211.6,1800,800,1200,8,2,4,64,0.890345088,21646320,24039317.376,1728000000,1.3624,0.1,1550,215.261977573904
127,"a778b11e4e4ba54e29a39958cb07f4f2",2.7,395,296,168,400,301.4,173.4,1800,800,1200,10,2,3,60,0.725871666666667,19642560,20905104,1728000000,1.4028,0.06,730,104.387767584098
128,"a7d151b83674a2f9c36356597a93821c",4.6,380,252,235,389.2,261.2,244.2,1800,800,1200,7,2,4,56,0.804518347111111,22503600,24825137.568,1728000000,1.3008,0.1,1450,192.269113149847
129,"a81b2225c037d3a9acb4e700a03958ae",4.1,386,286,232,394.2,294.2,240.2,1800,800,1200,7,2,4,56,0.902768881,25611872,27856868.328,1728000000,1.3768,0.08,1200,168.415902140673
130,"a864dfb999785d464e7867269d6489cb",4.8,380,282,175,389.6,291.6,184.6,1800,800,1200,9,2,4,72,0.873829944,18753000,20971918.656,1728000000,1.3624,0.1,1550,215.261977573904
131,"aaf392f3c544855a81cee5b4895b3983",4.8,380,282,256,389.6,291.6,265.6,1800,800,1200,6,2,4,48,0.838169856,27432960,30174114.816,1728000000,1.3624,0.1,1550,215.261977573904
132,"ab2be01db2336d90876b25f646f81b48",4.1,386,286,283,394.2,294.2,291.2,1800,800,1200,6,2,4,48,0.938097888,31242068,33771523.968,1728000000,1.3768,0.08,1200,168.415902140673
133,"ab79baee2357a91142d0c868d05f3c31",4.1,383,248,258,391.2,256.2,266.2,1800,800,1200,6,2,4,48,0.741111448,24505872,26680012.128,1728000000,1.2948,0.08,1200,158.385321100917
134,"ac8b5267c6be652bd0aff43408408e79",4.1,388,288,209,396.2,296.2,217.2,1800,800,1200,8,2,4,64,0.944051272888889,23354496,25489384.368,1728000000,1.3848,0.08,1200,169.394495412844
135,"ad02b3d41b4467a5a65a742951a80e72",4.1,386,286,171,394.2,294.2,179.2,1800,800,1200,10,2,4,80,0.96215168,18877716,20782476.288,1728000000,1.3768,0.08,1200,168.415902140673
136,"ad23381bab48bad4640990fdc6a27c9b",4.1,383,248,229,391.2,256.2,237.2,1800,800,1200,7,2,4,56,0.770436669333333,21751336,23773474.368,1728000000,1.2948,0.08,1200,158.385321100917
137,"ad82db0ca04dc6e4f24560b7e49b6000",2.7,395,296,138,400,301.4,143.4,1800,800,1200,12,2,3,72,0.720346,16134960,17288304,1728000000,1.4028,0.06,730,104.387767584098
138,"ad99ed562d5d808977b10fa512bfde8b",4.1,386,286,214,394.2,294.2,222.2,1800,800,1200,8,2,4,64,0.954420104,23624744,25769342.808,1728000000,1.3768,0.08,1200,168.415902140673
139,"ae072ed4f441d6f7ab5283589778daca",2.7,393,255,184,398.4,260.4,189.4,1800,800,1200,9,2,4,72,0.818708016,18439560,19648992.384,1728000000,1.3176,0.06,730,98.0477064220183
140,"af25ed4a56d3b3317fc10fd23b427cc4",2.7,393,255,260,398.4,260.4,265.4,1800,800,1200,6,2,4,48,0.764819104,26055900,27533487.744,1728000000,1.3176,0.06,730,98.0477064220183
141,"b10375e57c7a7f209de7bf3aec5aa29f",4.1,386,286,268,394.2,294.2,276.2,1800,800,1200,6,2,4,48,0.889775538,29586128,32031919.368,1728000000,1.3768,0.08,1200,168.415902140673
142,"b104736a19fe0c796651c18805508482",4.1,383,248,209,391.2,256.2,217.2,1800,800,1200,8,2,4,64,0.806257984,19851656,21768965.568,1728000000,1.2948,0.08,1200,158.385321100917
143,"b1561453f5edf808c1c92eb2d0f45d38",2.7,393,255,321,398.4,260.4,326.4,1800,800,1200,5,2,4,40,0.78383872,32169015,33861832.704,1728000000,1.3176,0.06,730,98.0477064220183
144,"b1fa69af5a250262387efec5b10a19ae",2.7,395,296,280,400,301.4,285.4,1800,800,1200,6,2,3,36,0.716829666666667,32737600,34407824,1728000000,1.4028,0.06,730,104.387767584098
145,"b4d42409ba0a801454f8f3bc60d94ec1",4.1,388,288,293,396.2,296.2,301.2,1800,800,1200,5,2,4,40,0.818221234444444,32740992,35347157.328,1728000000,1.3848,0.08,1200,169.394495412844
146,"b5ff628fcb5e9885b7d13c5dd1ddd441",4.8,380,282,286,389.6,291.6,295.6,1800,800,1200,6,2,4,48,0.932842656,30647760,33582335.616,1728000000,1.3624,0.1,1550,215.261977573904
147,"b8f10d20eb7db7428c07c066fa1e4da0",2.7,395,245,214,400,250.4,219.4,1800,800,1200,8,2,4,64,0.813892740740741,20709850,21975104,1728000000,1.3008,0.06,730,96.7975535168196
148,"b9470f0403af99853ed89bcf86be3235",4.1,383,248,194,391.2,256.2,202.2,1800,800,1200,8,2,4,64,0.750577184,18426896,20265583.968,1728000000,1.2948,0.08,1200,158.385321100917
149,"bbc4a9c702728931b676523ffd513a75",4.1,384,284,179,392.2,292.2,187.2,1800,800,1200,9,2,4,72,0.893886552,19521024,21453277.248,1728000000,1.3688,0.08,1200,167.437308868502
150,"bdefb2124af27fa9ca0fa5d293a18aa4",4.1,386,286,209,394.2,294.2,217.2,1800,800,1200,8,2,4,64,0.932943504,23072764,25189474.608,1728000000,1.3768,0.08,1200,168.415902140673
151,"bdfc62c15432bf98daa6314e01c97f4b",4.8,380,282,181,389.6,291.6,190.6,1800,800,1200,9,2,4,72,0.902231784,19395960,21653562.816,1728000000,1.3624,0.1,1550,215.261977573904
152,"be032c6684b548fff0bd0e094da34f35",4.6,383,285,211,392.2,294.2,220.2,1800,800,1200,8,2,4,64,0.941030735111111,23031705,25407829.848,1728000000,1.3728,0.1,1450,202.911314984709
153,"beea47cc5f637c6fde9604c5cdd6c572",4.7,387,287,214,396.4,296.4,223.4,1800,800,1200,8,2,4,64,0.972145454222222,23768766,26247927.264,1728000000,1.3856,0.1,1500,211.865443425076
154,"bf05ab5b9fe071ca604f12617c73c3ec",4.1,386,286,258,394.2,294.2,266.2,1800,800,1200,6,2,4,48,0.857560638,28482168,30872182.968,1728000000,1.3768,0.08,1200,168.415902140673
155,"bfcb33e665554321d0a93ce891eadb54",4.1,386,286,159,394.2,294.2,167.2,1800,800,1200,10,2,4,80,0.89772188,17552964,19390792.608,1728000000,1.3768,0.08,1200,168.415902140673
156,"c36eddeb93ed1ad7e063fda32344745b",2.7,395,296,275,400,301.4,280.4,1800,800,1200,6,2,3,36,0.704271333333333,32153000,33805024,1728000000,1.4028,0.06,730,104.387767584098
157,"c4661c6946240f8ff854e9255c97cbc9",4.1,388,288,353,396.2,296.2,361.2,1800,800,1200,4,2,4,32,0.784970809777778,39445632,42388423.728,1728000000,1.3848,0.08,1200,169.394495412844
158,"c61dafed9b7d2c7f917d4debf65896c1",4.1,386,286,263,394.2,294.2,271.2,1800,800,1200,6,2,4,48,0.873668088,29034148,31452051.168,1728000000,1.3768,0.08,1200,168.415902140673
159,"c68517097037ec6420e21676ab2f1609",2.5,393,255,265,398,260,270,1800,800,1200,6,2,4,48,0.7761,26556975,27939600,1728000000,1.316,0.06,600,80.4892966360856
160,"c96df5913565ba35f3e02e744c9a6dde",2.7,395,296,224,400,301.4,229.4,1800,800,1200,7,2,3,42,0.672205722222222,26190080,27656464,1728000000,1.4028,0.06,730,104.387767584098
161,"c98f51071fa8c135d7071023f6b23ac0",4.1,388,288,348,396.2,296.2,356.2,1800,800,1200,5,2,4,40,0.967630822407407,38886912,41801651.528,1728000000,1.3848,0.08,1200,169.394495412844
162,"c9eb200a8d16b9dc82e130d6874c099c",2.7,395,296,270,400,301.4,275.4,1800,800,1200,6,2,3,36,0.691713,31568400,33202224,1728000000,1.4028,0.06,730,104.387767584098
163,"cb9988b0557e22e3abc2bbe0a56967d0",4.1,386,286,169,394.2,294.2,177.2,1800,800,1200,10,2,4,80,0.95141338,18656924,20550529.008,1728000000,1.3768,0.08,1200,168.415902140673
164,"cc0d190e9c91b2ee40868981c9f6d0f6",4.8,380,282,266,389.6,291.6,275.6,1800,800,1200,6,2,4,48,0.869727456,28504560,31310188.416,1728000000,1.3624,0.1,1550,215.261977573904
165,"cd9c1ebb698c60a0d79bc82cf70c2404",2.7,393,255,311,398.4,260.4,316.4,1800,800,1200,5,2,4,40,0.759824053333333,31166865,32824399.104,1728000000,1.3176,0.06,730,98.0477064220183
166,"ce1ff894a22d25ca524b3e3a26227ec6",2.7,395,296,158,400,301.4,163.4,1800,800,1200,11,2,3,66,0.752411611111111,18473360,19699504,1728000000,1.4028,0.06,730,104.387767584098
167,"ce9d9f5685ddf0df230b3137826b5cde",4.1,386,286,256,394.2,294.2,264.2,1800,800,1200,6,2,4,48,0.851117658,28261376,30640235.688,1728000000,1.3768,0.08,1200,168.415902140673
168,"ceda63d824383fb94ca5e9bd08701d70",4.8,384,286,163,393.6,295.6,172.6,1800,800,1200,10,2,4,80,0.929707982222222,17901312,20081692.416,1728000000,1.3784,0.1,1550,217.79001019368
169,"cf4c068dfec055bf302e658d71c9c942",4.8,380,282,192,389.6,291.6,201.6,1800,800,1200,8,2,4,64,0.848268288,20574720,22903243.776,1728000000,1.3624,0.1,1550,215.261977573904
170,"d0098765b25906b02fe80a96f1e6e287",2.5,395,296,255,400,301,260,1800,800,1200,6,2,3,36,0.652166666666667,29814600,31304000,1728000000,1.402,0.06,600,85.7492354740061
171,"d26d5d6c9610627f969c12fa3f73a697",4.8,379,246,207,388.6,255.6,216.6,1800,800,1200,8,2,4,64,0.796816528,19299438,21514046.256,1728000000,1.2884,0.1,1550,203.569826707441
172,"d31c61f54dfba12e6064bda2c75bc9f2",2.7,395,292,194,400,297.4,199.4,1800,800,1200,9,2,4,72,0.988359333333333,22375960,23720624,1728000000,1.3948,0.06,730,103.79245667686
173,"d3d0a6587d8f983d383e032e2b9acacc",4.8,379,246,182,388.6,255.6,191.6,1800,800,1200,9,2,4,72,0.792953844,16968588,19030892.256,1728000000,1.2884,0.1,1550,203.569826707441
174,"d57ede415e9b30ea0e94a15552298aa3",2.7,393,255,214,398.4,260.4,219.4,1800,800,1200,8,2,4,64,0.843010858666667,21446010,22761293.184,1728000000,1.3176,0.06,730,98.0477064220183
175,"d6e2cbc227acca3455d02367e9bd0b2b",2.7,395,294,214,400,299.4,219.4,1800,800,1200,8,2,4,64,0.973160888888889,24851820,26275344,1728000000,1.3988,0.06,730,104.090112130479
176,"d85b31778b741c8bdb462d9f332e56d2",4.1,383,248,244,391.2,256.2,252.2,1800,800,1200,7,2,4,56,0.819157369333333,23176096,25276855.968,1728000000,1.2948,0.08,1200,158.385321100917
177,"d8d0e4bd0a27b5d4b00b32f474a5923a",4.8,379,246,251,388.6,255.6,260.6,1800,800,1200,6,2,4,48,0.719011036,23401734,25884397.296,1728000000,1.2884,0.1,1550,203.569826707441
178,"dc0b41c3254944ee2f8977c80dc8f455",4.5,391,292,172,400,301,181,1800,800,1200,9,2,3,54,0.6810125,19637584,21792400,1728000000,1.402,0.08,1400,200.081549439348
179,"dcc42a5da445d56728ad8178bf5931e9",2.7,395,296,240,400,301.4,245.4,1800,800,1200,7,2,3,42,0.719090166666667,28060800,29585424,1728000000,1.4028,0.06,730,104.387767584098
180,"ddc544b82bb095f53666029f60d7e482",4.5,391,296,173,400,305,182,1800,800,1200,9,2,3,54,0.693875,20022328,22204000,1728000000,1.41,0.08,1400,201.223241590214
181,"ddc8f0c662924d5b7914ba35ddb1ebe4",2.7,395,294,250,400,299.4,255.4,1800,800,1200,7,2,4,56,0.991235777777778,29032500,30586704,1728000000,1.3988,0.06,730,104.090112130479
182,"e205014ff79e36431f829f1fab46061c",4.1,388,288,273,396.2,296.2,281.2,1800,800,1200,6,2,4,48,0.916668570222222,30506112,33000068.528,1728000000,1.3848,0.08,1200,169.394495412844
183,"e67976152cc42ec69a300f4522f58632",2.7,393,255,255,398.4,260.4,260.4,1800,800,1200,6,2,4,48,0.750410304,25554825,27014770.944,1728000000,1.3176,0.06,730,98.0477064220183
184,"e70cd62d04659cbda3f1df24c7140e35",4.8,379,246,197,388.6,255.6,206.6,1800,800,1200,8,2,4,64,0.760029061333333,18367098,20520784.656,1728000000,1.2884,0.1,1550,203.569826707441
185,"e740f34d87ef8ba88af8bc4375aaebab",4.8,384,286,167,393.6,295.6,176.6,1800,800,1200,10,2,4,80,0.951253937777778,18340608,20547085.056,1728000000,1.3784,0.1,1550,217.79001019368
186,"e743e947473252606cfa14519dbf593b",2.7,393,255,291,398.4,260.4,296.4,1800,800,1200,6,2,4,48,0.854153664,29162565,30749531.904,1728000000,1.3176,0.06,730,98.0477064220183
187,"e86f3262de6efa8372f7a6e317b74e6b",4.1,386,286,144,394.2,294.2,152.2,1800,800,1200,11,2,4,88,0.898903093,15897024,17651188.008,1728000000,1.3768,0.08,1200,168.415902140673
188,"ea4f4880b999f6854b641f68b394c657",4.8,380,282,201,389.6,291.6,210.6,1800,800,1200,8,2,4,64,0.886137408,21539160,23925710.016,1728000000,1.3624,0.1,1550,215.261977573904
189,"ea6403e25e3a52198dad19251c207a47",4.6,380,252,245,389.2,261.2,254.2,1800,800,1200,7,2,4,56,0.83746340637037,23461200,25841727.968,1728000000,1.3008,0.1,1450,192.269113149847
190,"eb4895380ccaa410da0fefb6f12b197b",4.1,386,286,253,394.2,294.2,261.2,1800,800,1200,6,2,4,48,0.841453188,27930188,30292314.768,1728000000,1.3768,0.08,1200,168.415902140673
191,"eb8c91d6266d086a541d9c7411a9d92f",4.1,388,288,149,396.2,296.2,157.2,1800,800,1200,11,2,4,88,0.939487489111111,16649856,18448117.968,1728000000,1.3848,0.08,1200,169.394495412844
192,"ec50ec2078db5c1fbf57db09049b95f3",4.8,380,282,158,389.6,291.6,167.6,1800,800,1200,10,2,4,80,0.88150896,16931280,19040593.536,1728000000,1.3624,0.1,1550,215.261977573904
193,"edebe6dd9669ec03369694b6dbbd4c54",2.5,393,255,250,398,260,255,1800,800,1200,7,2,4,56,0.855147222222222,25053750,26387400,1728000000,1.316,0.06,600,80.4892966360856
194,"ef2c4cbdd2be88c4d7a73fe0a429c842",4.6,378,245,245,387.2,254.2,254.2,1800,800,1200,7,2,4,56,0.810831719703704,22689450,25019950.208,1728000000,1.2828,0.1,1450,189.608562691131
195,"f152ca1c81c447e9f47aac4e934dc6fc",4.8,380,282,163,389.6,291.6,172.6,1800,800,1200,10,2,4,80,0.90780696,17467080,19608630.336,1728000000,1.3624,0.1,1550,215.261977573904
196,"f1efec47e48187c72213058375afab2c",2.7,395,296,286,400,301.4,291.4,1800,800,1200,6,2,3,36,0.731899666666667,33439120,35131184,1728000000,1.4028,0.06,730,104.387767584098
197,"f201c0669374a768669461ddff1643e4",4.6,375,182,152,384.2,191.2,161.2,1800,800,1200,11,2,6,132,0.904566456444444,10374000,11841597.248,1728000000,1.1508,0.1,1450,170.097859327217
198,"f324c5af11a778e41d0ca8572b5187bb",4.1,384,286,184,392.2,294.2,192.2,1800,800,1200,9,2,4,72,0.924043463666667,20207616,22177043.128,1728000000,1.3728,0.08,1200,167.926605504587
199,"f95687311339e4b9b0ef5622b26fd941",2.7,393,255,209,398.4,260.4,214.4,1800,800,1200,8,2,4,64,0.823799125333333,20944935,22242576.384,1728000000,1.3176,0.06,730,98.0477064220183
200,"fa8da38322149b23e14a120e71d38975",2.7,393,255,235,398.4,260.4,240.4,1800,800,1200,7,2,4,56,0.808237621333333,23550525,24939903.744,1728000000,1.3176,0.06,730,98.0477064220183
201,"fc6931875b8384c7bacd18bb4699795f",2.7,393,255,219,398.4,260.4,224.4,1800,800,1200,8,2,4,64,0.862222592,21947085,23280009.984,1728000000,1.3176,0.06,730,98.0477064220183
202,"fe503fe59c48da80878a0b8f7ad58dcb",4.1,383,248,204,391.2,256.2,212.2,1800,800,1200,8,2,4,64,0.787697717333333,19376736,21267838.368,1728000000,1.2948,0.08,1200,158.385321100917
203,"fe7802fb3f92b710413a4de88233a3f7",4.1,388,288,174,396.2,296.2,182.2,1800,800,1200,9,2,4,72,0.890915790333333,19443456,21381978.968,1728000000,1.3848,0.08,1200,169.394495412844
204,"fea00d6f87d3f80808e9e8d1b501120a",2.7,395,296,184,400,301.4,189.4,1800,800,1200,9,2,3,54,0.7135645,21513280,22834064,1728000000,1.4028,0.06,730,104.387767584098
